CREATE DATABASE  IF NOT EXISTS `sina_blog` /*!40100 DEFAULT CHARACTER SET latin1 */;
USE `sina_blog`;
-- MySQL dump 10.13  Distrib 5.7.12, for Win64 (x86_64)
--
-- Host: 192.168.68.144    Database: sina_blog
-- ------------------------------------------------------
-- Server version	5.6.31-log

/*!40101 SET @OLD_CHARACTER_SET_CLIENT=@@CHARACTER_SET_CLIENT */;
/*!40101 SET @OLD_CHARACTER_SET_RESULTS=@@CHARACTER_SET_RESULTS */;
/*!40101 SET @OLD_COLLATION_CONNECTION=@@COLLATION_CONNECTION */;
/*!40101 SET NAMES utf8 */;
/*!40103 SET @OLD_TIME_ZONE=@@TIME_ZONE */;
/*!40103 SET TIME_ZONE='+00:00' */;
/*!40014 SET @OLD_UNIQUE_CHECKS=@@UNIQUE_CHECKS, UNIQUE_CHECKS=0 */;
/*!40014 SET @OLD_FOREIGN_KEY_CHECKS=@@FOREIGN_KEY_CHECKS, FOREIGN_KEY_CHECKS=0 */;
/*!40101 SET @OLD_SQL_MODE=@@SQL_MODE, SQL_MODE='NO_AUTO_VALUE_ON_ZERO' */;
/*!40111 SET @OLD_SQL_NOTES=@@SQL_NOTES, SQL_NOTES=0 */;

--
-- Table structure for table `article_detail`
--

DROP TABLE IF EXISTS `article_detail`;
/*!40101 SET @saved_cs_client     = @@character_set_client */;
/*!40101 SET character_set_client = utf8 */;
CREATE TABLE `article_detail` (
  `id` varchar(20) NOT NULL,
  `tags` text NOT NULL,
  `path` varchar(50) NOT NULL,
  PRIMARY KEY (`id`)
) ENGINE=MyISAM DEFAULT CHARSET=utf8;
/*!40101 SET character_set_client = @saved_cs_client */;

--
-- Dumping data for table `article_detail`
--

LOCK TABLES `article_detail` WRITE;
/*!40000 ALTER TABLE `article_detail` DISABLE KEYS */;
INSERT INTO `article_detail` VALUES ('69e72a420102wesb','','2016/'),('69e72a420102w9nm','香港特色小店 solo小铺 迷你酒店 香港自由行 柳絮同学','2016/'),('69e72a420102w0tg','普吉岛 泰国自助游攻略 安纳塔拉度假会 游记 柳絮同学','2016/'),('69e72a420102w0ki','普吉岛 泰国 安纳塔拉度假会 泰餐课程 柳絮同学','2016/'),('69e72a420102w0jw','泰国 普吉岛 安纳塔拉度假会 单车游 柳絮同学','2016/'),('69e72a420102vzyh','长崎县 攻略 亲子游 日本九州 游记','2016/'),('69e72a420102vzye','长崎县 攻略 亲子游 日本九州 游记','2016/'),('69e72a420102vzxz','长崎县 攻略 亲子游 日本九州 游记','2016/'),('69e72a420102vzxe','长崎县 攻略 亲子游 日本九州 游记','2016/'),('69e72a420102vzpv','长崎县 攻略 亲子游 日本九州 游记','2016/'),('69e72a420102vzo3','日本九州 长崎县 游记 攻略 亲子游','2016/'),('69e72a420102vyfr','香港圣诞 美食推荐 香港自助游 香港美食 人气餐厅','2015/'),('69e72a420102vy1k','阿拉伯风情 迪拜 黄金市场 自助游攻略 购物','2015/'),('69e72a420102vy13','阿拉伯风情 迪拜 攻略 沙漠 自助游记','2015/'),('69e72a420102vxy4','阿拉伯风情 迪拜 亚特兰蒂斯海豚湾 自助游 攻略','2015/'),('69e72a420102vxvj','迪拜 沙漠 阿拉伯风情 游记 攻略','2015/'),('69e72a420102vkky','西班牙自助游 塞维利亚 弗拉明戈表演 游记攻略 柳絮同学','2015/'),('69e72a420102vshy','杂谈','2015/'),('69e72a420102vrdu','韩国 中文海水浴场 石头爷爷 济州黑猪烤肉 济州美食','2015/'),('69e72a420102vrbl','韩国 汗蒸馆 汗蒸幕 首尔自助游 游记','2015/'),('69e72a420102vrac','韩国 自助游游记 济州岛攻略 购物攻略 济州岛','2015/'),('69e72a420102vr90','韩国 首尔 购物攻略 传统市场 自助游游记','2015/'),('69e72a420102vkac','西班牙自助游 塞维利亚 游记攻略 美食 柳絮同学','2015/'),('69e72a420102vkds','香港自助游 中环荔园 中环美食 荔园重新开业 柳絮同学','2015/'),('69e72a420102vknn','旅行感悟 旅行音乐 好歌推荐 耳机评测 柳絮同学','2015/'),('69e72a420102vjzm','马德里游记攻略 西班牙自助游 美食 托莱多 柳絮同学','2015/'),('69e72a420102vjxk','西甲 皇家马德里 西班牙看球攻略 现场感受 柳絮同学','2015/'),('69e72a420102vjun','马德里圣周 西班牙特色 游记攻略 柳絮同学 杂谈','2015/'),('69e72a420102vj3h','福建武夷山 自助游记 彝山兰若 民宿推荐 武夷山的茶','2015/'),('69e72a420102vhzj','西班牙自助游记 攻略 丸子地球 漫游宝wifi 柳絮同学','2015/'),('69e72a420102vho0','美国自由行 美国攻略 游记 纽约 美食攻略','2015/'),('69e72a420102vhdp','上班族早餐 十分钟早餐 低脂早餐 核桃花样 做法','2015/'),('69e72a420102vhmu','韩国自助游 首尔旅行 疯马秀 一日游 美食','2015/'),('69e72a420102vg09','京都自助游 日本自由行 游记攻略 柳絮同学 别样日本','2015/'),('69e72a420102vecq','日本自由行 游记攻略 京都自助游 亲子游 柳絮同学','2015/'),('69e72a420102vemz','美国自驾游 攻略 常见问题 自助加油 柳絮同学','2015/'),('69e72a420102veb9','京都游记 清水寺 三十三间堂 一日游 柳絮同学','2015/'),('69e72a420102ve53','日本自助游 京都自助游 和服变装 租和服 柳絮同学','2015/'),('69e72a420102vdpt','日本自由行游记 京都民宿 京都住宿 一泊二食 柳絮同学','2015/'),('69e72a420102vdsn','花式水饺做法 不一样的饺子 制作步骤 方子 柳絮同学','2015/'),('69e72a420102vdsz','三亚美食攻略 三亚海鲜推荐 三亚自助游 游记 柳絮同学','2015/'),('69e72a420102vdmt','大阪商圈 大阪购物攻略 大阪特色美食街 日本自由行游记 柳絮同学','2015/'),('69e72a420102vdmh','大阪亲子游记 日本自由行 哈利波特城堡 哈利波特魔法世界攻略 柳絮同学','2015/'),('69e72a420102vd7a','大阪美食攻略 大阪亲子游记 日本特色美食街 日本自由行 柳絮同学','2015/'),('69e72a420102vd5h','日本自助游 日本亲子游 游记 攻略 柳絮同学','2015/'),('69e72a420102vcva','不一样的纽约 纽约微视角 美国自由行 游记 柳絮同学','2015/'),('69e72a420102vcby','大阪自由行 游记攻略 大阪一日游 日本传统市场 柳絮同学','2015/'),('69e72a420102vbop','日本 霓虹国 自由行 攻略 游记','2015/'),('69e72a420102vbsl','巴西自由行 里约 游记 攻略 柳絮同学','2015/'),('69e72a420102v82x','巴西游记攻略 里约大冒险 柳絮同学 巴西烤肉 美食指南','2014/'),('69e72a420102v95l','新加坡河 克拉码头 夜游新加坡 柳絮同学 新加坡游记攻略','2014/'),('69e72a420102v953','新加坡美食攻略 滨海湾金沙美食攻略 柳絮同学 米其林餐厅 名人餐厅','2014/'),('69e72a420102v92i','新加坡游记 滨海湾花园 自助游记攻略 柳絮同学 金沙无边泳池','2014/'),('69e72a420102v83b','美国游记攻略 勾拍美国 美国国家旅游局 柳絮同学 华盛顿游记','2014/'),('69e72a420102v73d','巴西游记攻略 里约大冒险 柳絮同学 自助游记 甜面包山','2014/'),('69e72a420102v5f1','巴西游记攻略 里约大冒险 科巴卡巴纳海滩 柳絮同学 游记','2014/'),('69e72a420102v6lm','小宝石成长记 在自己的城市旅行 口袋车 柳絮同学 厦门南湖公园','2014/'),('69e72a420102v51w','巴西游记攻略 里约大冒险 里约基督山 游记 柳絮同学','2014/'),('69e72a420102v4wx','巴西游记攻略 里约大冒险 里约平民窟 塞隆阶梯 柳絮同学','2014/'),('69e72a420102v4w4','巴西自助游游记 里约热内卢游记 里约大冒险 攻略 柳絮同学','2014/'),('69e72a420102v4j2','美西一号公路 美国自驾攻略 旧金山 洛杉矶 柳絮同学','2014/'),('69e72a420102v422','柳絮同学 微电影 旅行遇见另一个自己 剧组花絮 旅行微记录短片','2014/'),('69e72a420102v41z','柳絮同学 马来西亚游记 兰卡威游记攻略 旅行遇见另一个自己 兰卡威潜水','2014/'),('69e72a420102v27c','马来西亚兰卡威 游艇出海攻略 柳絮同学 旅行遇见另一个自己 兰卡威游记攻略','2014/'),('69e72a420102v21w','马来西亚云顶世界 阿娃娜森林 云顶自助游 柳絮同学 旅行遇见另一个自己','2014/'),('69e72a420102v1qa','马来西亚游记 旅行遇见另一个自己 柳絮同学 吉隆坡双子塔 游记攻略','2014/'),('69e72a420102v1r4','购物攻略 奥克兰购物攻略 柳絮同学 新西兰自助游 新西兰特产','2014/'),('69e72a420102v1li','奥克兰自助游记 天空塔 新西兰 攻略 柳絮同学','2014/'),('69e72a420102v04i','新西兰皇后镇 美食攻略 海鲜餐厅 美食推荐 柳絮同学','2014/'),('69e72a420102v1gp','新西兰皇后镇游记 攻略 jetboat 达特河 柳絮同学','2014/'),('69e72a420102v0z1','皇后镇极限运动 一万五千英尺 全纪录 新西兰南岛游记 双人高空跳伞','2014/'),('69e72a420102v17r','皇后镇自助游 皇后镇住宿美食攻略 游记 新西兰南岛 柳絮同学','2014/'),('69e72a420102v0m1','罗托鲁阿 地热城 自助游攻略 柳絮同学 新西兰自助游记','2014/'),('69e72a420102v029','罗托鲁阿 地热城 自助游攻略 毛利村 游记','2014/'),('69e72a420102v0bq','奥克兰两日游 阿格顿 牧场 游记 攻略','2014/'),('69e72a420102uzt8','waitomo 怀托摩萤火虫洞 奥克兰周边游 两日游攻略 游记','2014/'),('69e72a420102uzok','闺蜜新西兰之旅 广州直飞奥克兰 新西兰自助游 游记 新西兰十日游攻略','2014/'),('69e72a420102uzo2','新西兰 旅游 攻略 波音787 南航广州奥克兰','2014/'),('69e72a420101kt9b','riodejaneiro 巴西攻略 里约大冒险 巴西游记 柳絮同学','2014/'),('69e72a420101kt84','酸奶巴菲 芝士酸奶蛋糕 酸奶冻 免烤 上海小红楼','2014/'),('69e72a420101kvba','美东自驾 尼亚加拉大瀑布 柳絮同学 美国游记 旅游攻略','2014/'),('69e72a420101kesh','美国自驾游 尼亚加拉大瀑布 自助游 美东自驾 布法罗鸡翅','2014/'),('69e72a420101kq95','华盛顿一日游 柳絮同学 美国国家自然历史博物 美国自驾游 游记','2014/'),('69e72a420101klh7','柳絮同学 美国自驾游 华盛顿一日游 游记 美国国家自然历史博物','2014/'),('69e72a420101kevm','美国自驾游 纽约自驾华盛顿 伍德伯里 outlets 柳絮同学','2014/'),('69e72a420101k9yw','纽约知名餐厅 纽约餐厅推荐 纽约美食攻略 美式早午餐 柳絮同学','2014/'),('69e72a420101k53m','纽约游记 大都会博物馆 纽约美食推荐 metropolitanmuseumof 门票任捐','2014/'),('69e72a420101k1kd','纽约直升机 自由岛 鸟瞰纽约 曼哈顿全景 游记','2014/'),('69e72a420101jzm7','纽约一日游 自由女神 炮台公园码头 游记攻略 纽约游记','2014/'),('69e72a420101jsy2','纽约自助游 中央车站 自由女神 游记攻略 柳絮同学','2014/'),('69e72a420101jp61','美东自驾 美国租车指南 美国自驾 游记 攻略','2014/'),('69e72a420101jjqy','芬兰自助游攻略 芬兰游记 赫尔辛基 北极光 午夜阳光','2014/'),('69e72a420101jkj1','美国签证 美国面签 准备材料 面签过程纪实 美国驻广州大使馆','2014/'),('69e72a420101j2cf','蒸汽小火车 丹顿农山 墨尔本 游记攻略 一日游','2014/'),('69e72a420101izje','菲利普岛 企鹅岛 澳大利亚自助游 墨尔本周边游 澳洲自驾攻略','2014/'),('69e72a420101hgau','大堡礁自助游攻略 汉密尔顿岛 圣灵群岛 澳大利亚自助游 游记','2014/'),('69e72a420101iqu4','新加坡自助游游记 新加坡亲子游攻略 亚马逊漂流 河川动物园 旅游','2014/'),('69e72a420101iszp','澳大利亚自助游 南澳 阿德莱德 自助游 攻略','2014/'),('69e72a420101ilqb','新加坡动物园 游记 攻略 夜间动物园 柳絮同学','2014/'),('69e72a420101ha3e','生日感言 三十二岁 生日趴 祝我生日快乐 2月8日','2014/'),('69e72a420101i9uz','新加坡 跨年行程 圣淘沙攻略 冲浪 segway','2014/'),('69e72a420101i9c0','新加坡游记 车牛水 唐人街 chinatown 辣椒螃蟹','2014/'),('69e72a420101i2r0','新加坡自助游 游记 攻略 圣淘沙 新加坡自由行','2014/'),('69e72a420101i93i','迪士尼 餐厅攻略 好莱坞酒店 游记 美食','2014/'),('69e72a420101i7jc','迪士尼攻略 香港二日游 迪士尼酒店 免排队卡 fastpass','2014/'),('69e72a420101i5hh','香港迪士尼 游记 感悟童年 孩子的幻想世界 童心未泯','2014/'),('69e72a420101i0s6','香港攻略 香港特产手信 香港美食攻略 化妆品推荐 柳絮同学','2014/'),('69e72a420101hymt','新加坡 跨年 倒数派对 西乐索海滩 圣淘沙跨年','2014/'),('69e72a420101hnd7','大堡礁潜水 攻略 价格 大堡礁自助游 外堡礁潜水','2013/'),('69e72a420101hh3i','大堡礁游记 心形礁 大堡礁水飞 水上飞机攻略 大堡礁选岛','2013/'),('69e72a420101hdwl','圣灵群岛攻略 witssundays 大堡礁游记攻略 澳大利亚自助游 汉密尔顿岛','2013/'),('69e72a420101h5yi','写在宝宝一岁 育儿经分享 0-1岁育儿笔记 宝宝成长笔记 柳絮同学小宝石','2013/'),('69e72a420101h7wl','澳门游记 威尼斯人 金光大道度假区 美食 购物攻略','2013/'),('69e72a420101h7jg','冬日金光大道 亚洲最大室内冰雕 梦工厂冰雕 幻影季节 澳门游记','2013/'),('69e72a420101h3q6','帕奎奥 里奥斯 金光综艺馆 拳击赛现场 金光决战','2013/'),('69e72a420101h1es','柳絮同学 达人揪团带路 台湾自由行 旅行的意义 旅行成瘾','2013/'),('69e72a420101gxjh','澳洲自由行 亲子 大堡礁 墨尔本 游记攻略','2013/'),('69e72a420101gvec','苏州吴江 同里古镇 游记 攻略 穿心弄','2013/'),('69e72a420101guyi','苏州吴江 同里古镇 太湖蟹 袜底酥 游记','2013/'),('69e72a420101gtp3','苏州 同里 性文化博物馆 游记 攻略','2013/'),('69e72a420101gkp5','达人揪团带路 台湾自由行 美食组带队达人 台湾游感受 游记','2013/'),('69e72a420101gjx4','台湾自助游攻略 台北 慢游 小美好 游记','2013/'),('69e72a420101gg7f','台湾自助游攻略 台北捷运 台北三日游 游记 攻略','2013/'),('69e72a420101gend','台湾自由行 台北美食地图 自助游攻略 饶河街夜市 游记','2013/'),('69e72a420101gcva','味道台北 台湾自由行 自助游攻略 自由行路书 台北美食地图','2013/'),('69e72a420101gcjs','台湾自由行 台北 西门町 美食地图 自助游攻略','2013/'),('69e72a420101g31t','台北自由行 台式甜点 wtaipei 台式下午茶 旅游','2013/'),('69e72a420101fwlq','台北 自由行 永康街 游记 攻略','2013/'),('69e72a420101fzm4','台湾自由行 台湾个人游 民宿 青旅 攻略','2013/'),('69e72a420101fuz4','台湾自由行 台湾路书 清境攻略 清境民宿 游记','2013/'),('69e72a420101fs73','台湾自由行 台湾路书 台湾攻略 台湾游记 鹿港小镇','2013/'),('69e72a420101fovu','台湾自由行 台湾路书 台湾游记 台湾攻略 台湾美食','2013/'),('69e72a420101fnsp','台湾自由行 台湾游记 台湾路书 攻略 旗津','2013/'),('69e72a420101flbk','柳絮同学 编发 步骤 西瓜辫 每天心中开出一朵花','2013/'),('69e72a420101fmyh','达人揪团带路 台湾自由行 美食 攻略 万峦猪脚','2013/'),('69e72a420101fmhy','达人揪团带路 台湾自由行 游记 垦丁 后壁湖','2013/'),('69e72a420101fm6i','达人揪团带路 台湾 自由行 省钱攻略 台湾路书','2013/'),('69e72a420101e9n0','台湾自由行 台北 阳明山 竹子湖 海芋','2013/'),('69e72a420101e6ho','台湾自由行 台北 师大夜市 美食 游记','2013/'),('69e72a420101d2w9','台湾民宿 垦丁民宿 九份民宿 游记 攻略','2013/'),('69e72a420101dkq9','柳絮同学 育儿经 新手妈妈 奶牛妈妈 洗脸','2013/'),('69e72a420101de1k','台湾自由行 九份 游记 攻略 路书','2013/'),('69e72a420101dljg','台湾 自助游 新北 九份 游记','2013/'),('69e72a420101cvdx','垦丁海生馆 台湾 自由行 游记 攻略','2013/'),('69e72a420101d4ox','恒春夜市 垦丁夜市 恒春老街 周日夜市 在地风味','2013/'),('69e72a420101cpvy','垦丁 游记 攻略 台湾 自由行','2013/'),('69e72a420101csj8','垦丁 美食攻略 台湾自由行 游记 路书','2013/'),('69e72a420101bl9b','带宝宝旅行 家庭旅行 产假旅行 注意事项 贴士','2013/'),('69e72a420101axz1','柳絮同学 厦门 曾厝垵 文艺青年 家庭旅馆','2013/'),('69e72a420101berb','永定土楼 南靖土楼 游记攻略 自驾游 厦门周边自驾游','2013/'),('69e72a420101b760','清新福建年 闽南 年味儿 古厝 炸枣','2013/'),('69e72a420101b12c','柳絮同学 生日 奔三 新手妈妈 又一岁','2013/'),('69e72a420101aplq','柳絮同学 厦门 周边游 大嶝小镇 台湾免税公园','2013/'),('69e72a420101ak0v','柳絮同学 戚风蛋糕 玫瑰蛋糕 方子 做法','2013/'),('69e72a4201019pa8','柳絮同学 厦门 浪漫 铁路文化公园 游记','2012/'),('69e72a4201019rgf','柳絮同学 面食 南北面食差异 私房牛肉面 美食','2012/'),('69e72a4201019mel','柳絮同学 免烤 芒果芝士蛋糕 方子 芒果慕斯','2012/'),('69e72a4201017tik','育儿 顺转剖 生产日记 月子日记 产后恢复','2012/'),('69e72a4201017ppf','怀孕笔记 孕照 准妈妈 甜蜜的负担 孕期感受','2012/'),('69e72a4201016omi','厦门 鼓浪屿 攻略 游记 玩法路线','2012/'),('69e72a4201016tw0','柳絮同学 厦门 美食 海鲜 大排档','2012/'),('69e72a4201016nbg','柳絮同学 厦门 小吃 美食 地图','2012/'),('69e72a4201016fmj','柳絮同学 高纤低脂 无糖 小零嘴 饼干','2012/'),('69e72a42010165iq','柳絮同学 烘焙 重芝士 芝士蛋糕 奶酪蛋糕','2012/'),('69e72a4201015z1e','柳絮同学 香港 维多利亚公园 铜锣湾 告士打道','2012/'),('69e72a4201015fxw','柳絮同学 香港 离岛 东涌 昂坪360','2012/'),('69e72a4201015fqf','柳絮同学 香港 离岛 东涌线 昂坪360','2012/'),('69e72a4201014prf','柳絮同学 香港 医疗 公立医院 广华医院','2012/'),('69e72a4201014g47','香港 攻略 英式 下午茶 马可波罗','2012/'),('69e72a42010138yv','香港 三日 美食地图 美食攻略 街边小吃','2012/'),('69e72a42010138yn','香港 三日 美食地图 美食攻略 游记','2012/'),('69e72a42010138xs','香港 三日 美食地图 美食攻略 游记','2012/'),('69e72a4201012ylf','柳絮同学 香港 游记 攻略 真实','2012/'),('69e72a4201012iz0','澳门 游记 攻略 交通 喷射飞航','2012/'),('69e72a4201012af6','柳絮同学 澳门 游记 攻略 大三巴','2012/'),('69e72a4201011yui','柳絮同学 澳门 游记 美食 攻略','2012/'),('69e72a4201011trq','柳絮同学 生日 二字头 2月8日 80后水瓶 正月十五 奔三 旅行梦 旅游','2012/'),('69e72a4201011s2i','柳絮同学 海南 三亚 攻略 游记','2012/'),('69e72a4201011oot','柳絮同学 海南 三亚 攻略 热带水果','2012/'),('69e72a4201011n1i','柳絮同学 海南 冬日 三亚 天涯','2012/'),('69e72a4201011ko3','柳絮同学 冬日 海南 三亚 亚龙湾','2012/'),('69e72a4201011g8p','柳絮同学 冬日 海南 三亚 热带天堂','2012/'),('69e72a4201011g8b','柳絮同学 海南 兴隆 万宁 南中国海','2012/'),('69e72a420101160x','柳絮同学 广州 西关小吃 上下九游记 上下九美食','2011/'),('69e72a42010113ms','柳絮同学 广东 广州 珠江新城 花城广场','2011/'),('69e72a4201010yto','柳絮同学 广州 日产 解构艺术 保罗·范罗德 nissan 人性化 创新体验之旅','2011/'),('69e72a4201010yrz','柳絮同学 日产 nissan 人性化 创新体验之旅 启辰 汽车 gtr nismo','2011/'),('69e72a4201010mgb','柳絮同学 台湾 台北 淡水 渔人码头','2011/'),('69e72a4201010i2n','柳絮同学 台湾 台北 游记 攻略','2011/'),('69e72a42010106ov','柳絮同学 台湾 台北 士林夜市 美食','2011/'),('69e72a42010102bb','柳絮同学 台湾 台北 野柳地质公园 最美八大海岸','2011/'),('69e72a420100zvy5','柳絮同学 台湾 台北 故宫博物院 国宝','2011/'),('69e72a420100zvaf','柳絮同学 台湾 台北 自助游 游记','2011/'),('69e72a420100znbl','柳絮同学 台湾 南投 庐山 温泉区','2011/'),('69e72a420100zl6x','柳絮同学 台湾 自由行 游记 攻略','2011/'),('69e72a420100zjel','柳絮同学 日产 nissan 人性化 创新体验之旅 安全性 安全带 安全气囊 汽车','2011/'),('69e72a420100zjbl','柳絮同学 日产 nissan 人性化 创新 纯电动车 聆风 piov2 gtr 零排放 概念车','2011/'),('69e72a420100zfdj','柳絮同学 台湾 自由行 游记 攻略','2011/'),('69e72a420100z99n','柳絮同学 台湾 自由行 游记 攻略','2011/'),('69e72a420100z3b1','柳絮同学 台湾 自由行 游记 攻略','2011/'),('69e72a420100uutz','台湾自由行 攻略 游记 路书 个人游台湾','2011/'),('69e72a420100ymzd','柳絮同学 西安 美食 回民街 回坊','2011/'),('69e72a420100ya17','柳絮同学 陕西 西安 秦味 美食地图','2011/'),('69e72a420100xwir','柳絮同学 西安 大雁塔 广场 大唐不夜城','2011/'),('69e72a420100x0dd','柳絮同学 下午茶 华新路 32how 厦门咖啡店','2011/'),('69e72a420100wuln','柳絮同学 手工 建筑纸模 马来西亚 吉隆坡 双子塔 图解 twin towers 3d拼图','2011/'),('69e72a420100wo1z','柳絮同学 云南 玉龙雪山 海拔 4680 雪域 冰川 红鳟鱼 香格里拉 丽江 游记','2011/'),('69e72a420100uy17','柳絮同学 云南 滇西北 香格里拉 心中的日月','2011/'),('69e72a420100uy0l','柳絮同学 云南 丽江 古城 束河','2011/'),('69e72a420100vwkb','柳絮同学 北京 琉璃厂 前门 大栅栏','2011/'),('69e72a420100vgnz','柳絮同学 北京 胡同 记忆 南锣鼓巷','2011/'),('69e72a420100vdbh','柳絮同学 小时候 北京记忆 朋友 街角','2011/'),('69e72a420100uw1f','柳絮同学 做法步骤 方子 枣泥核桃蛋糕 步骤图解','2011/'),('69e72a420100ukex','柳絮同学 桑葚芝士蛋糕 芝士蛋糕方子 做法步骤 烘焙贴士','2011/'),('69e72a420100todx','柳絮同学 福建 厦门 漳州 龙海','2011/'),('69e72a420100to95','柳絮同学 马来西亚 沙巴 马来美食 老虎虾','2011/'),('69e72a420100tn5v','柳絮同学 kapalai 卡帕莱 光涂鸦 马来西亚自助游攻略','2011/'),('69e72a420100to89','柳絮同学 马来西亚 沙巴 美人鱼岛 卡帕莱','2011/'),('69e72a420100to91','柳絮同学 马来西亚 沙巴 诗巴丹 sipadan','2011/'),('69e72a420100thf7','柳絮同学 马来西亚 沙巴岛 仙本娜 kapalai','2011/'),('69e72a420100thgp','柳絮同学 马来西亚 沙巴岛 仙本娜 卡帕莱','2011/'),('69e72a420100t9y9','柳絮同学 沙巴岛 kk 亚庇 mantanani','2011/'),('69e72a420100t4i5','柳絮同学 沙巴 亚庇 五星酒店 pk','2011/'),('69e72a420100t0d9','柳絮同学 马来西亚 跳岛游 sapi mamutik','2011/'),('69e72a420100t0az','柳絮同学 马来西亚 kota kinabalu 哥打京那巴鲁 mantanani kapalai 攻略','2011/'),('69e72a420100sqlt','柳絮同学 每天开出一朵花 布朗尼 芝士蛋糕 烘焙','2011/'),('69e72a420100smmp','柳絮同学 我的心中 每天开出一朵花 夏天的小美好 草帽 鸡蛋花 盛夏 绽放','2011/'),('69e72a420100seo3','柳絮同学 童心 童趣 厦门实验小学 三年级 班级活动 集体游戏 孩子气 校园','2011/'),('69e72a420100scev','柳絮同学 我的心中 每天开出一朵花 用心发现 不织布 手工 纸巾盒 diy','2011/'),('69e72a420100rpmx','柳絮同学 黄油饼干 方子 曲奇饼干做法 手工饼干做法','2011/'),('69e72a420100rqrx','柳絮同学 私房菜 麦德龙 秘制羊排 烤羊排','2011/'),('69e72a420100roid','柳絮同学 福建 厦门 漳州 龙海','2011/'),('69e72a420100rkgr','柳絮同学 香港 如心酒店 纪念日 镛记烧鹅','2011/'),('69e72a420100rig9','柳絮同学 春天 春风 桃花 下午茶 桃花一苑芳 墙纸 厦门 忠仑公园','2011/'),('69e72a420100rgjt','柳絮同学 自制鱿鱼丝 烘培做法 烤鱿鱼丝步骤 烘焙入门','2011/'),('69e72a420100rdax','柳絮同学 烘焙 丹麦 葡萄卷 面包','2011/'),('69e72a420100rc9d','柳絮同学 普吉 路口 禁左 禁右 红灯 美好 享受 每天开出一朵花 on the road','2011/'),('69e72a420100r3k3','柳絮同学 曼谷 丹能沙朵 水上市场 damnoen','2011/'),('69e72a420100qxaz','泰国 曼谷 郑王庙 黎明寺 湄南河','2011/'),('69e72a420100qxe9','泰国 曼谷 自助游 考山路攻略 游记','2011/'),('69e72a420100qv05','grand palace 泰国 曼谷 大皇宫','2011/'),('69e72a420100qrfh','泰国日记 thai food 泰餐 美食','2011/');
/*!40000 ALTER TABLE `article_detail` ENABLE KEYS */;
UNLOCK TABLES;

--
-- Table structure for table `article_list`
--

DROP TABLE IF EXISTS `article_list`;
/*!40101 SET @saved_cs_client     = @@character_set_client */;
/*!40101 SET character_set_client = utf8 */;
CREATE TABLE `article_list` (
  `id` varchar(20) NOT NULL,
  `title` varchar(255) NOT NULL,
  `url` text NOT NULL,
  `class_id` int(11) NOT NULL,
  `created_time` int(11) NOT NULL,
  PRIMARY KEY (`id`,`class_id`),
  KEY `created_time` (`created_time`)
) ENGINE=MyISAM DEFAULT CHARSET=utf8;
/*!40101 SET character_set_client = @saved_cs_client */;

--
-- Dumping data for table `article_list`
--

LOCK TABLES `article_list` WRITE;
/*!40000 ALTER TABLE `article_list` DISABLE KEYS */;
INSERT INTO `article_list` VALUES ('69e72a420102wesb','韩国逛吃逛吃之旅中发现了美食的秘…','http://blog.sina.com.cn/s/blog_69e72a420102wesb.html',0,1470064260),('69e72a420102w9nm','逛在香港：“迷你”趣味行','http://blog.sina.com.cn/s/blog_69e72a420102w9nm.html',0,1466482020),('69e72a420102w0tg','普吉攻略：迷人的迈考海滩 Ma…','http://blog.sina.com.cn/s/blog_69e72a420102w0tg.html',0,1454735640),('69e72a420102w0ki','普吉攻略：拜个师傅学泰餐吧！Spic…','http://blog.sina.com.cn/s/blog_69e72a420102w0ki.html',0,1454548800),('69e72a420102w0jw','泰国攻略：普吉岛另一种玩法-单车…','http://blog.sina.com.cn/s/blog_69e72a420102w0jw.html',0,1454390340),('69e72a420102vzyh','长崎亲子游：日本80后的玩具博物馆','http://blog.sina.com.cn/s/blog_69e72a420102vzyh.html',0,1454249640),('69e72a420102vzye','日本长崎：光之王国豪斯登堡灯光节','http://blog.sina.com.cn/s/blog_69e72a420102vzye.html',0,1453733880),('69e72a420102vzxz','日本长崎：揭秘“奇怪的”机器人酒店…','http://blog.sina.com.cn/s/blog_69e72a420102vzxz.html',0,1453263060),('69e72a420102vzxe','日本亲子游：超有爱的长崎喂食主题…','http://blog.sina.com.cn/s/blog_69e72a420102vzxe.html',0,1453102740),('69e72a420102vzpv','日本长崎岛原：出海！去看海豚喽！','http://blog.sina.com.cn/s/blog_69e72a420102vzpv.html',0,1452823320),('69e72a420102vzo3','日本长崎亲子游：制作体验传统冰糯…','http://blog.sina.com.cn/s/blog_69e72a420102vzo3.html',0,1452739080),('69e72a420102vyfr','五种STYLE!香港圣诞新年除夕大餐攻…','http://blog.sina.com.cn/s/blog_69e72a420102vyfr.html',0,1450930620),('69e72a420102vy1k','迪拜：逛逛传统织物，香料市场和黄…','http://blog.sina.com.cn/s/blog_69e72a420102vy1k.html',0,1450764720),('69e72a420102vy13','迪拜：不能错过的沙漠冲沙之旅Dese…','http://blog.sina.com.cn/s/blog_69e72a420102vy13.html',0,1450615140),('69e72a420102vxy4','迪拜：一吻定情海豚湾Dolphin Bay','http://blog.sina.com.cn/s/blog_69e72a420102vxy4.html',0,1450276320),('69e72a420102vxvj','迪拜：探秘迪拜酋长的顶级黄金马场…','http://blog.sina.com.cn/s/blog_69e72a420102vxvj.html',0,1450183320),('69e72a420102vkky','西班牙塞维利亚：邂逅弗拉明戈歌舞…','http://blog.sina.com.cn/s/blog_69e72a420102vkky.html',0,1446172080),('69e72a420102vshy','舌尖上的桑巴风情：探访里约热内卢…','http://blog.sina.com.cn/s/blog_69e72a420102vshy.html',0,1444829940),('69e72a420102vrdu','韩国：爱上济州岛的蓝色和美味JEJU…','http://blog.sina.com.cn/s/blog_69e72a420102vrdu.html',0,1444279860),('69e72a420102vrbl','韩国首尔：快乐澡堂，感受传统汗蒸…','http://blog.sina.com.cn/s/blog_69e72a420102vrbl.html',0,1443059100),('69e72a420102vrac','韩国：真实鲜活的市井生活（济州岛…','http://blog.sina.com.cn/s/blog_69e72a420102vrac.html',0,1442978040),('69e72a420102vr90','韩国：真实鲜活的市井生活（首尔篇…','http://blog.sina.com.cn/s/blog_69e72a420102vr90.html',0,1442897160),('69e72a420102vkac','西班牙：历史与现代交融的塞维利亚…','http://blog.sina.com.cn/s/blog_69e72a420102vkac.html',0,1437974280),('69e72a420102vkds','香港中环：香港人集体回忆的荔园和…','http://blog.sina.com.cn/s/blog_69e72a420102vkds.html',0,1436143140),('69e72a420102vknn','带上音乐去旅行','http://blog.sina.com.cn/s/blog_69e72a420102vknn.html',0,1435717740),('69e72a420102vjzm','马德里周边游：托莱多古城Toledo','http://blog.sina.com.cn/s/blog_69e72a420102vjzm.html',0,1435120260),('69e72a420102vjxk','马德里：40欧看西甲皇马进球大战Re…','http://blog.sina.com.cn/s/blog_69e72a420102vjxk.html',0,1434433620),('69e72a420102vjun','马德里不思议：壮观的圣周游行Madr…','http://blog.sina.com.cn/s/blog_69e72a420102vjun.html',0,1434348900),('69e72a420102vj3h','武夷山周末小记','http://blog.sina.com.cn/s/blog_69e72a420102vj3h.html',0,1432882740),('69e72a420102vhzj','浓情西班牙，自助游攻略出发篇','http://blog.sina.com.cn/s/blog_69e72a420102vhzj.html',0,1431050940),('69e72a420102vho0','美利坚自由行：品味美国味道','http://blog.sina.com.cn/s/blog_69e72a420102vho0.html',0,1430290080),('69e72a420102vhdp','十分钟健康早餐：核桃红枣燕麦粥','http://blog.sina.com.cn/s/blog_69e72a420102vhdp.html',0,1430270640),('69e72a420102vhmu','首尔夜生活-CRAZY之夜','http://blog.sina.com.cn/s/blog_69e72a420102vhmu.html',0,1430186220),('69e72a420102vg09','日本京都：伏见稻荷大社','http://blog.sina.com.cn/s/blog_69e72a420102vg09.html',0,1427716800),('69e72a420102vecq','日本京都：祇园花见小路','http://blog.sina.com.cn/s/blog_69e72a420102vecq.html',0,1427350260),('69e72a420102vemz','美国自驾游：聊聊自助加油那些事','http://blog.sina.com.cn/s/blog_69e72a420102vemz.html',0,1426812720),('69e72a420102veb9','日本京都：清水寺、三十三间堂','http://blog.sina.com.cn/s/blog_69e72a420102veb9.html',0,1425622680),('69e72a420102ve53','日本京都：有趣的和服变装初体验','http://blog.sina.com.cn/s/blog_69e72a420102ve53.html',0,1425448560),('69e72a420102vdpt','日本京都：感受日本传统民宿','http://blog.sina.com.cn/s/blog_69e72a420102vdpt.html',0,1425304200),('69e72a420102vdsn','过年了，玩点饺子的小花样','http://blog.sina.com.cn/s/blog_69e72a420102vdsn.html',0,1423963140),('69e72a420102vdsz','三亚美食攻略之海鲜必修课','http://blog.sina.com.cn/s/blog_69e72a420102vdsz.html',0,1423807740),('69e72a420102vdmt','大阪逛街首选：道顿崛和心斋桥商圈','http://blog.sina.com.cn/s/blog_69e72a420102vdmt.html',0,1423702260),('69e72a420102vdmh','日本亲子游：大阪环球影城攻略','http://blog.sina.com.cn/s/blog_69e72a420102vdmh.html',0,1423459500),('69e72a420102vd7a','日本大阪港特色美食街：横丁食街','http://blog.sina.com.cn/s/blog_69e72a420102vd7a.html',0,1422926760),('69e72a420102vd5h','日本亲子游攻略：大阪海游馆一日游','http://blog.sina.com.cn/s/blog_69e72a420102vd5h.html',0,1422839580),('69e72a420102vcva','美国：纽约就这样，你爱来不来','http://blog.sina.com.cn/s/blog_69e72a420102vcva.html',0,1422429000),('69e72a420102vcby','日本：被称作大阪代表厨房的黑门市…','http://blog.sina.com.cn/s/blog_69e72a420102vcby.html',0,1421725200),('69e72a420102vbop','别样日本：亲子自由行全攻略','http://blog.sina.com.cn/s/blog_69e72a420102vbop.html',0,1421378400),('69e72a420102vbsl','巴西：直升飞机鸟瞰里约热内卢Rio …','http://blog.sina.com.cn/s/blog_69e72a420102vbsl.html',0,1421032920),('69e72a420102v82x','舌尖上的桑巴风情：探访里约热内卢…','http://blog.sina.com.cn/s/blog_69e72a420102v82x.html',0,1418355120),('69e72a420102v95l','新加坡:坐船夜游新加坡河Singapore…','http://blog.sina.com.cn/s/blog_69e72a420102v95l.html',0,1417660920),('69e72a420102v953','新加坡滨海湾美食攻略 Marina Bay','http://blog.sina.com.cn/s/blog_69e72a420102v953.html',0,1417590900),('69e72a420102v92i','新加坡滨海湾游玩攻略Marina Bay','http://blog.sina.com.cn/s/blog_69e72a420102v92i.html',0,1417510740),('69e72a420102v83b','感受美国，点滴华盛顿 Washington,…','http://blog.sina.com.cn/s/blog_69e72a420102v83b.html',0,1417145880),('69e72a420102v73d','里约热内卢：漫步甜面包山 Sugarlo…','http://blog.sina.com.cn/s/blog_69e72a420102v73d.html',0,1416899040),('69e72a420102v5f1','里约热内卢：快乐洋溢的科巴卡巴纳…','http://blog.sina.com.cn/s/blog_69e72a420102v5f1.html',0,1416299100),('69e72a420102v6lm','用旅行的足迹，印下亲子的快乐时光','http://blog.sina.com.cn/s/blog_69e72a420102v6lm.html',0,1415611860),('69e72a420102v51w','里约耶稣山：在离基督最近的地方聆…','http://blog.sina.com.cn/s/blog_69e72a420102v51w.html',0,1414564380),('69e72a420102v4wx','里约大冒险：贫民窟里的塞勒隆阶梯…','http://blog.sina.com.cn/s/blog_69e72a420102v4wx.html',0,1414027080),('69e72a420102v4w4','巴西里约热内卢：天梯教堂游记Cate…','http://blog.sina.com.cn/s/blog_69e72a420102v4w4.html',0,1413877920),('69e72a420102v4j2','美国：美西一号公路自驾攻略','http://blog.sina.com.cn/s/blog_69e72a420102v4j2.html',0,1413773580),('69e72a420102v422','旅行感悟：“旅行，遇见另一个自己”…','http://blog.sina.com.cn/s/blog_69e72a420102v422.html',0,1413514320),('69e72a420102v41z','兰卡威：珍南海滩+芭雅岛跳岛游Lan…','http://blog.sina.com.cn/s/blog_69e72a420102v41z.html',0,1413425160),('69e72a420102v27c','兰卡威：出海邂逅最美夕阳Langkawi','http://blog.sina.com.cn/s/blog_69e72a420102v27c.html',0,1413335520),('69e72a420102v21w','吉隆坡：云顶高原的惬意时光','http://blog.sina.com.cn/s/blog_69e72a420102v21w.html',0,1413251100),('69e72a420102v1qa','吉隆坡双子塔，与各种美好不期而遇','http://blog.sina.com.cn/s/blog_69e72a420102v1qa.html',0,1413163920),('69e72a420102v1r4','新西兰特产及购物攻略','http://blog.sina.com.cn/s/blog_69e72a420102v1r4.html',0,1411361400),('69e72a420102v1li','新西兰：奥克兰天空塔游记SkyTower','http://blog.sina.com.cn/s/blog_69e72a420102v1li.html',0,1411096260),('69e72a420102v04i','新西兰:皇后镇美食攻略Queenstown','http://blog.sina.com.cn/s/blog_69e72a420102v04i.html',0,1410919620),('69e72a420102v1gp','新西兰皇后镇：达特河探险一日游Da…','http://blog.sina.com.cn/s/blog_69e72a420102v1gp.html',0,1410855900),('69e72a420102v0z1','新西兰皇后镇：挑战极限高空双人跳…','http://blog.sina.com.cn/s/blog_69e72a420102v0z1.html',0,1410767100),('69e72a420102v17r','新西兰南岛：绝美皇后镇游记攻略Qu…','http://blog.sina.com.cn/s/blog_69e72a420102v17r.html',0,1410511680),('69e72a420102v0m1','慢游新西兰：陶波湖和胡卡瀑布Taup…','http://blog.sina.com.cn/s/blog_69e72a420102v0m1.html',0,1410246720),('69e72a420102v029','新西兰毛利之乡：地热城罗托鲁阿Ro…','http://blog.sina.com.cn/s/blog_69e72a420102v029.html',0,1409622600),('69e72a420102v0bq','新西兰：萌萌的爱歌顿皇家牧场Agro…','http://blog.sina.com.cn/s/blog_69e72a420102v0bq.html',0,1409545320),('69e72a420102uzt8','新西兰：奇幻的怀托摩萤火虫洞Wait…','http://blog.sina.com.cn/s/blog_69e72a420102uzt8.html',0,1409124720),('69e72a420102uzok','带着闺蜜去旅行，乘着梦想再出发','http://blog.sina.com.cn/s/blog_69e72a420102uzok.html',0,1408605000),('69e72a420102uzo2','到南半球去避暑：纯净新西兰攻略篇','http://blog.sina.com.cn/s/blog_69e72a420102uzo2.html',0,1408509540),('69e72a420101kt9b','里约大冒险之巴西行前攻略','http://blog.sina.com.cn/s/blog_69e72a420101kt9b.html',0,1404448560),('69e72a420101kt84','有趣的酸奶美食分享会','http://blog.sina.com.cn/s/blog_69e72a420101kt84.html',0,1403857500),('69e72a420101kvba','美加边境：壮美的尼亚加拉大瀑布','http://blog.sina.com.cn/s/blog_69e72a420101kvba.html',0,1403763300),('69e72a420101kesh','美国：自驾布法罗，吃吃逛逛水牛城','http://blog.sina.com.cn/s/blog_69e72a420101kesh.html',0,1403576160),('69e72a420101kq95','华盛顿：国家自然历史博物馆-博物…','http://blog.sina.com.cn/s/blog_69e72a420101kq95.html',0,1403166180),('69e72a420101klh7','华盛顿：艾弗逊纪念堂、白宫、国会…','http://blog.sina.com.cn/s/blog_69e72a420101klh7.html',0,1402625700),('69e72a420101kevm','美国：纽约-华盛顿自驾游记','http://blog.sina.com.cn/s/blog_69e72a420101kevm.html',0,1402281000),('69e72a420101k9yw','舌尖上的美国，纽约美食攻略','http://blog.sina.com.cn/s/blog_69e72a420101k9yw.html',0,1401156600),('69e72a420101k53m','慢游纽约：大都会博物馆游记Metrop…','http://blog.sina.com.cn/s/blog_69e72a420101k53m.html',0,1400568660),('69e72a420101k1kd','鸟瞰纽约城：直升飞机之旅NEW YORK…','http://blog.sina.com.cn/s/blog_69e72a420101k1kd.html',0,1399960020),('69e72a420101jzm7','慢游纽约：坐船出海拜会自由女神像…','http://blog.sina.com.cn/s/blog_69e72a420101jzm7.html',0,1399514400),('69e72a420101jsy2','慢游纽约：中央车站、炮台公园、华…','http://blog.sina.com.cn/s/blog_69e72a420101jsy2.html',0,1399183620),('69e72a420101jp61','美国租车及自驾车攻略指南','http://blog.sina.com.cn/s/blog_69e72a420101jp61.html',0,1398063960),('69e72a420101jjqy','冰雪芬兰自助游行前攻略','http://blog.sina.com.cn/s/blog_69e72a420101jjqy.html',0,1397611680),('69e72a420101jkj1','美国签证攻略:我的面签经历','http://blog.sina.com.cn/s/blog_69e72a420101jkj1.html',0,1397526480),('69e72a420101j2cf','墨尔本：普芬比利蒸汽小火车之旅Pu…','http://blog.sina.com.cn/s/blog_69e72a420101j2cf.html',0,1395192720),('69e72a420101izje','墨尔本菲利普岛：离人类生活圈最近…','http://blog.sina.com.cn/s/blog_69e72a420101izje.html',0,1394759160),('69e72a420101hgau','大堡礁汉密尔顿岛：四天三夜游记攻…','http://blog.sina.com.cn/s/blog_69e72a420101hgau.html',0,1394593560),('69e72a420101iqu4','新加坡:河川动物园River Safari','http://blog.sina.com.cn/s/blog_69e72a420101iqu4.html',0,1393902300),('69e72a420101iszp','经典路线走一走,浅游南澳大利亚有…','http://blog.sina.com.cn/s/blog_69e72a420101iszp.html',0,1393571700),('69e72a420101ilqb','玩乐新加坡动物园Singapore Zoo','http://blog.sina.com.cn/s/blog_69e72a420101ilqb.html',0,1392822420),('69e72a420101ha3e','这么这么快，又过生日了','http://blog.sina.com.cn/s/blog_69e72a420101ha3e.html',0,1391846400),('69e72a420101i9uz','新加坡：玩在圣淘沙Sentosa攻略','http://blog.sina.com.cn/s/blog_69e72a420101i9uz.html',0,1390876020),('69e72a420101i9c0','新加坡:热闹的牛车水唐人街China T…','http://blog.sina.com.cn/s/blog_69e72a420101i9c0.html',0,1390701300),('69e72a420101i2r0','新加坡跨年自助游攻略','http://blog.sina.com.cn/s/blog_69e72a420101i2r0.html',0,1390459920),('69e72a420101i93i','香港：迪士尼全攻略之美食住宿篇（…','http://blog.sina.com.cn/s/blog_69e72a420101i93i.html',0,1390441860),('69e72a420101i7jc','香港：迪士尼全攻略之玩乐篇（上）…','http://blog.sina.com.cn/s/blog_69e72a420101i7jc.html',0,1390361040),('69e72a420101i5hh','迪士尼，不只是孩子的礼物Disneyla…','http://blog.sina.com.cn/s/blog_69e72a420101i5hh.html',0,1389836700),('69e72a420101i0s6','寻味，香港','http://blog.sina.com.cn/s/blog_69e72a420101i0s6.html',0,1389173460),('69e72a420101hymt','新加坡圣淘沙：亚洲最大的新年倒数…','http://blog.sina.com.cn/s/blog_69e72a420101hymt.html',0,1388973360),('69e72a420101hnd7','大堡礁潜水初体验Great Barrier Re…','http://blog.sina.com.cn/s/blog_69e72a420101hnd7.html',0,1388077380),('69e72a420101hh3i','俯瞰大堡礁之神奇礁世界-心形礁&nb…','http://blog.sina.com.cn/s/blog_69e72a420101hh3i.html',0,1387422480),('69e72a420101hdwl','海陆空深入大堡礁：圣灵群岛攻略篇…','http://blog.sina.com.cn/s/blog_69e72a420101hdwl.html',0,1386685080),('69e72a420101h5yi','小宝石这一年来的成长记','http://blog.sina.com.cn/s/blog_69e72a420101h5yi.html',0,1386223380),('69e72a420101h7wl','澳门：氹仔美食攻略','http://blog.sina.com.cn/s/blog_69e72a420101h7wl.html',0,1385693400),('69e72a420101h7jg','澳门：梦幻冬日的冰雪世界','http://blog.sina.com.cn/s/blog_69e72a420101h7jg.html',0,1385602080),('69e72a420101h3q6','澳门：亲临拳王争霸赛金光决战的台…','http://blog.sina.com.cn/s/blog_69e72a420101h3q6.html',0,1385391660),('69e72a420101h1es','旅行的意义，关于旅行的第一座奖杯','http://blog.sina.com.cn/s/blog_69e72a420101h1es.html',0,1384789800),('69e72a420101gxjh','澳大利亚十二日亲子自助游攻略','http://blog.sina.com.cn/s/blog_69e72a420101gxjh.html',0,1384394220),('69e72a420101gvec','同里古镇：你的烟雨江南，我的慢生…','http://blog.sina.com.cn/s/blog_69e72a420101gvec.html',0,1384219440),('69e72a420101guyi','苏州吴江：秋天的吴越美食之旅','http://blog.sina.com.cn/s/blog_69e72a420101guyi.html',0,1383873360),('69e72a420101gtp3','苏州吴江：让人脸红心跳的中华性文…','http://blog.sina.com.cn/s/blog_69e72a420101gtp3.html',0,1383697980),('69e72a420101gkp5','做一次短暂的台湾人','http://blog.sina.com.cn/s/blog_69e72a420101gkp5.html',0,1383008520),('69e72a420101gjx4','来台北寻一点小美好','http://blog.sina.com.cn/s/blog_69e72a420101gjx4.html',0,1382497740),('69e72a420101gg7f','乐活台北，捷运慢游：台北四日自助…','http://blog.sina.com.cn/s/blog_69e72a420101gg7f.html',0,1382322600),('69e72a420101gend','暴走台北：饶河街夜市','http://blog.sina.com.cn/s/blog_69e72a420101gend.html',0,1381909380),('69e72a420101gcva','味道台北：寻找大街小巷里的美食','http://blog.sina.com.cn/s/blog_69e72a420101gcva.html',0,1381566780),('69e72a420101gcjs','味道台北：西门町美食地图','http://blog.sina.com.cn/s/blog_69e72a420101gcjs.html',0,1381540680),('69e72a420101g31t','自在台北：最美的台式下午茶','http://blog.sina.com.cn/s/blog_69e72a420101g31t.html',0,1381396860),('69e72a420101fwlq','台北自由行：饕餮永康街','http://blog.sina.com.cn/s/blog_69e72a420101fwlq.html',0,1380090540),('69e72a420101fzm4','达人揪团带路：台湾自由行之民宿攻…','http://blog.sina.com.cn/s/blog_69e72a420101fzm4.html',0,1379833380),('69e72a420101fuz4','南投清境农场：青青草原羊咩咩','http://blog.sina.com.cn/s/blog_69e72a420101fuz4.html',0,1379391300),('69e72a420101fs73','找寻鹿港小镇里的古早味','http://blog.sina.com.cn/s/blog_69e72a420101fs73.html',0,1379060280),('69e72a420101fovu','台中逢甲夜市，美食潮流聚集地','http://blog.sina.com.cn/s/blog_69e72a420101fovu.html',0,1378654500),('69e72a420101fnsp','台湾自由行:高雄旗津舒活慢游记','http://blog.sina.com.cn/s/blog_69e72a420101fnsp.html',0,1378431540),('69e72a420101flbk','小辫子情怀','http://blog.sina.com.cn/s/blog_69e72a420101flbk.html',0,1378386600),('69e72a420101fmyh','台湾自由行：来台不可错过的屏东万…','http://blog.sina.com.cn/s/blog_69e72a420101fmyh.html',0,1378343460),('69e72a420101fmhy','垦丁后壁湖，生鱼片厚得像棉被！台…','http://blog.sina.com.cn/s/blog_69e72a420101fmhy.html',0,1378217280),('69e72a420101fm6i','达人揪团带路：台湾自由行路书之省…','http://blog.sina.com.cn/s/blog_69e72a420101fm6i.html',0,1378138260),('69e72a420101e9n0','台北阳明山：海芋情深','http://blog.sina.com.cn/s/blog_69e72a420101e9n0.html',0,1373501880),('69e72a420101e6ho','台北：青春洋溢的师大夜市','http://blog.sina.com.cn/s/blog_69e72a420101e6ho.html',0,1372647840),('69e72a420101d2w9','台湾民宿：温情的在地生活','http://blog.sina.com.cn/s/blog_69e72a420101d2w9.html',0,1371455940),('69e72a420101dkq9','平凡中的甜蜜小生活','http://blog.sina.com.cn/s/blog_69e72a420101dkq9.html',0,1370506860),('69e72a420101de1k','黄金山城：恋恋九份（美食篇）','http://blog.sina.com.cn/s/blog_69e72a420101de1k.html',0,1370397960),('69e72a420101dljg','黄金山城：恋恋九份（风景篇）','http://blog.sina.com.cn/s/blog_69e72a420101dljg.html',0,1370222760),('69e72a420101cvdx','亚洲最大的水族博物馆：垦丁海生馆','http://blog.sina.com.cn/s/blog_69e72a420101cvdx.html',0,1368665100),('69e72a420101d4ox','台湾古早味：恒春周日夜市','http://blog.sina.com.cn/s/blog_69e72a420101d4ox.html',0,1367909700),('69e72a420101cpvy','春天疯垦丁：骑着机车环岛游','http://blog.sina.com.cn/s/blog_69e72a420101cpvy.html',0,1366937880),('69e72a420101csj8','垦丁：吃吃逛逛垦丁街','http://blog.sina.com.cn/s/blog_69e72a420101csj8.html',0,1366591800),('69e72a420101bl9b','带着宝宝去旅行出行全攻略：最贴心…','http://blog.sina.com.cn/s/blog_69e72a420101bl9b.html',0,1365747000),('69e72a420101axz1','文艺厦门：迷失曾厝垵','http://blog.sina.com.cn/s/blog_69e72a420101axz1.html',0,1362977400),('69e72a420101berb','土楼情缘：一种安定，一种精彩','http://blog.sina.com.cn/s/blog_69e72a420101berb.html',0,1361845080),('69e72a420101b760','小清新的福建年','http://blog.sina.com.cn/s/blog_69e72a420101b760.html',0,1361153280),('69e72a420101b12c','又一岁','http://blog.sina.com.cn/s/blog_69e72a420101b12c.html',0,1360325340),('69e72a420101aplq','大嶝小镇：探访全国唯一的台湾免税…','http://blog.sina.com.cn/s/blog_69e72a420101aplq.html',0,1359340500),('69e72a420101ak0v','每天心中开出一朵花：玫瑰戚风蛋糕','http://blog.sina.com.cn/s/blog_69e72a420101ak0v.html',0,1358308320),('69e72a4201019pa8','冬日厦门：浪漫的铁路文化公园','http://blog.sina.com.cn/s/blog_69e72a4201019pa8.html',0,1355971800),('69e72a4201019rgf','我不是想吃面，我只是想见多你几面','http://blog.sina.com.cn/s/blog_69e72a4201019rgf.html',0,1355455920),('69e72a4201019mel','冬天里的小清新：芒果芝士蛋糕','http://blog.sina.com.cn/s/blog_69e72a4201019mel.html',0,1354590060),('69e72a4201017tik','我的生产及月子日记：亲亲我的宝贝','http://blog.sina.com.cn/s/blog_69e72a4201017tik.html',0,1350622200),('69e72a4201017ppf','怀孕笔记：我的世界从此以后多了一…','http://blog.sina.com.cn/s/blog_69e72a4201017ppf.html',0,1347848700),('69e72a4201016omi','厦门攻略：鼓浪屿的四种玩法','http://blog.sina.com.cn/s/blog_69e72a4201016omi.html',0,1346980320),('69e72a4201016tw0','厦门美食地图：本地人爱去的海鲜大…','http://blog.sina.com.cn/s/blog_69e72a4201016tw0.html',0,1346589000),('69e72a4201016nbg','厦门美食地图：必尝的老字号特色小…','http://blog.sina.com.cn/s/blog_69e72a4201016nbg.html',0,1344387600),('69e72a4201016fmj','高纤无糖小零嘴：蜂蜜燕麦核桃球','http://blog.sina.com.cn/s/blog_69e72a4201016fmj.html',0,1343098800),('69e72a42010165iq','浓浓的爱:自制经典重芝士蛋糕','http://blog.sina.com.cn/s/blog_69e72a42010165iq.html',0,1342449300),('69e72a4201015z1e','维多利亚公园的人性化设计','http://blog.sina.com.cn/s/blog_69e72a4201015z1e.html',0,1341495000),('69e72a4201015fxw','大澳渔村：回归原始的香港记忆','http://blog.sina.com.cn/s/blog_69e72a4201015fxw.html',0,1340082900),('69e72a4201015fqf','昂坪360：全景大屿山','http://blog.sina.com.cn/s/blog_69e72a4201015fqf.html',0,1339648200),('69e72a4201014prf','香港医疗：旅游时挂急诊的独特经历','http://blog.sina.com.cn/s/blog_69e72a4201014prf.html',0,1337687700),('69e72a4201014g47','香港：享受超值的英式下午茶','http://blog.sina.com.cn/s/blog_69e72a4201014g47.html',0,1336958100),('69e72a42010138yv','香港美食攻略：寻找大街小巷里的美…','http://blog.sina.com.cn/s/blog_69e72a42010138yv.html',0,1336441800),('69e72a42010138yn','香港美食攻略：在中环感受传统与异…','http://blog.sina.com.cn/s/blog_69e72a42010138yn.html',0,1335079860),('69e72a42010138xs','香港美食攻略：在铜锣湾寻找地道香…','http://blog.sina.com.cn/s/blog_69e72a42010138xs.html',0,1334660340),('69e72a4201012ylf','香港：真实鲜活的市井生活','http://blog.sina.com.cn/s/blog_69e72a4201012ylf.html',0,1332750600),('69e72a4201012iz0','澳门旅游完全攻略','http://blog.sina.com.cn/s/blog_69e72a4201012iz0.html',0,1331259720),('69e72a4201012af6','澳门故事：美食美景大三巴','http://blog.sina.com.cn/s/blog_69e72a4201012af6.html',0,1330416360),('69e72a4201011yui','澳门故事：相约一场味蕾之旅','http://blog.sina.com.cn/s/blog_69e72a4201011yui.html',0,1329712200),('69e72a4201011trq','Bye and say Hi~','http://blog.sina.com.cn/s/blog_69e72a4201011trq.html',0,1328684280),('69e72a4201011s2i','三亚攻略：拒绝被宰！地道海鲜这样…','http://blog.sina.com.cn/s/blog_69e72a4201011s2i.html',0,1328412780),('69e72a4201011oot','三亚攻略：热带水果和海鲜干货批发…','http://blog.sina.com.cn/s/blog_69e72a4201011oot.html',0,1327887000),('69e72a4201011n1i','冬日海南：请到天涯海角来(四)','http://blog.sina.com.cn/s/blog_69e72a4201011n1i.html',0,1327557120),('69e72a4201011ko3','冬日海南：美丽的亚龙湾海滩(三)','http://blog.sina.com.cn/s/blog_69e72a4201011ko3.html',0,1327030200),('69e72a4201011g8p','跟着电影去旅行：三亚亚龙湾热带天…','http://blog.sina.com.cn/s/blog_69e72a4201011g8p.html',0,1326765720),('69e72a4201011g8b','冬日海南：分界洲岛的慢生活(一)','http://blog.sina.com.cn/s/blog_69e72a4201011g8b.html',0,1326382740),('69e72a420101160x','夜广州：吃吃逛逛上下九','http://blog.sina.com.cn/s/blog_69e72a420101160x.html',0,1325133360),('69e72a42010113ms','夜广州：璀璨的珠江新城','http://blog.sina.com.cn/s/blog_69e72a42010113ms.html',0,1324903800),('69e72a4201010yto','天马行空：看荷兰艺术大师如何“庖…','http://blog.sina.com.cn/s/blog_69e72a4201010yto.html',0,1324426920),('69e72a4201010yrz','创新之旅：你见过没有后视镜的汽车…','http://blog.sina.com.cn/s/blog_69e72a4201010yrz.html',0,1324343520),('69e72a4201010mgb','浪漫淡水：迷人的渔人码头（十二）','http://blog.sina.com.cn/s/blog_69e72a4201010mgb.html',0,1323609960),('69e72a4201010i2n','台北攻略：逛街篇-西门町PK忠孝东…','http://blog.sina.com.cn/s/blog_69e72a4201010i2n.html',0,1323238080),('69e72a42010106ov','台北攻略：乐享士林夜市地道美食（…','http://blog.sina.com.cn/s/blog_69e72a42010106ov.html',0,1322637360),('69e72a42010102bb','台北攻略：奇特的野柳地质公园(九)','http://blog.sina.com.cn/s/blog_69e72a42010102bb.html',0,1322406660),('69e72a420100zvy5','台北攻略：故宫博物院看十大镇馆之…','http://blog.sina.com.cn/s/blog_69e72a420100zvy5.html',0,1322101560),('69e72a420100zvaf','台北攻略：曾经的世界第一高楼101…','http://blog.sina.com.cn/s/blog_69e72a420100zvaf.html',0,1322045400),('69e72a420100znbl','南投：别具特色的庐山温泉美食区(…','http://blog.sina.com.cn/s/blog_69e72a420100znbl.html',0,1321831800),('69e72a420100zl6x','南投：难忘心中的日月潭(五)','http://blog.sina.com.cn/s/blog_69e72a420100zl6x.html',0,1321514880),('69e72a420100zjel','人性化创新体验之旅：挑战模拟车祸','http://blog.sina.com.cn/s/blog_69e72a420100zjel.html',0,1321421760),('69e72a420100zjbl','人性化创新体验之旅：挑战零排放','http://blog.sina.com.cn/s/blog_69e72a420100zjbl.html',0,1321366560),('69e72a420100zfdj','嘉义：阿里山的暮秋记忆(四)','http://blog.sina.com.cn/s/blog_69e72a420100zfdj.html',0,1321197780),('69e72a420100z99n','台南：探访全台历史古迹最多的城市…','http://blog.sina.com.cn/s/blog_69e72a420100z99n.html',0,1320852000),('69e72a420100z3b1','高雄印象：最具人气的六合路夜市(…','http://blog.sina.com.cn/s/blog_69e72a420100z3b1.html',0,1320588000),('69e72a420100uutz','纵贯台湾：史上最全台湾自由行攻略…','http://blog.sina.com.cn/s/blog_69e72a420100uutz.html',0,1320484500),('69e72a420100ymzd','西安攻略:逛不够的回民街','http://blog.sina.com.cn/s/blog_69e72a420100ymzd.html',0,1319771340),('69e72a420100ya17','千年美食之都：尝不尽的西安味道','http://blog.sina.com.cn/s/blog_69e72a420100ya17.html',0,1319099940),('69e72a420100xwir','西安攻略：迷人的大雁塔广场','http://blog.sina.com.cn/s/blog_69e72a420100xwir.html',0,1318323360),('69e72a420100x0dd','浪漫厦门：阳光下午茶','http://blog.sina.com.cn/s/blog_69e72a420100x0dd.html',0,1316657400),('69e72a420100wuln','纸模手工：吉隆坡双子塔The Petron…','http://blog.sina.com.cn/s/blog_69e72a420100wuln.html',0,1316345460),('69e72a420100wo1z','玉龙雪山：远离尘嚣，贴近心灵','http://blog.sina.com.cn/s/blog_69e72a420100wo1z.html',0,1315966200),('69e72a420100uy17','香格里拉：纯净的普达措国家公园','http://blog.sina.com.cn/s/blog_69e72a420100uy17.html',0,1315404120),('69e72a420100uy0l','云南：丽江的柔软时光','http://blog.sina.com.cn/s/blog_69e72a420100uy0l.html',0,1314929160),('69e72a420100vwkb','漫步北京：琉璃厂文化街','http://blog.sina.com.cn/s/blog_69e72a420100vwkb.html',0,1314594840),('69e72a420100vgnz','北京老胡同的秘密：走进南锣鼓巷','http://blog.sina.com.cn/s/blog_69e72a420100vgnz.html',0,1313633400),('69e72a420100vdbh','周末的北京城','http://blog.sina.com.cn/s/blog_69e72a420100vdbh.html',0,1313485860),('69e72a420100uw1f','有嚼头的蛋糕：核桃枣泥重磅蛋糕','http://blog.sina.com.cn/s/blog_69e72a420100uw1f.html',0,1312533300),('69e72a420100ukex','视觉味觉双满足：桑葚芝士蛋糕','http://blog.sina.com.cn/s/blog_69e72a420100ukex.html',0,1311930000),('69e72a420100todx','福建龙海：满园荔枝等你摘','http://blog.sina.com.cn/s/blog_69e72a420100todx.html',0,1311552060),('69e72a420100to95','挑战味蕾的马来西亚美食（十）','http://blog.sina.com.cn/s/blog_69e72a420100to95.html',0,1311121320),('69e72a420100tn5v','夏夜的光涂鸦：Kapalai(九)','http://blog.sina.com.cn/s/blog_69e72a420100tn5v.html',0,1310909700),('69e72a420100to89','马来西亚潜水初体验：海平面下的世…','http://blog.sina.com.cn/s/blog_69e72a420100to89.html',0,1310535900),('69e72a420100to91','马来西亚：感受马布岛的阳光生活Ma…','http://blog.sina.com.cn/s/blog_69e72a420100to91.html',0,1310350200),('69e72a420100thf7','马来西亚：媲美马尔代夫的卡帕莱水…','http://blog.sina.com.cn/s/blog_69e72a420100thf7.html',0,1310084280),('69e72a420100thgp','迷失在北纬四度的绝色天堂：Kapala…','http://blog.sina.com.cn/s/blog_69e72a420100thgp.html',0,1309828560),('69e72a420100t9y9','探访传说中的美人鱼岛Mantanani is…','http://blog.sina.com.cn/s/blog_69e72a420100t9y9.html',0,1309481040),('69e72a420100t4i5','沙巴五星酒店大PK:麦哲伦VS香格里…','http://blog.sina.com.cn/s/blog_69e72a420100t4i5.html',0,1309308720),('69e72a420100t0d9','沙巴攻略：沙皮岛、马穆迪岛sapi、…','http://blog.sina.com.cn/s/blog_69e72a420100t0d9.html',0,1308902160),('69e72a420100t0az','第一眼马来西亚:哥打京那巴鲁Kota …','http://blog.sina.com.cn/s/blog_69e72a420100t0az.html',0,1308718620),('69e72a420100sqlt','如父爱般醇美:布朗尼芝士蛋糕~','http://blog.sina.com.cn/s/blog_69e72a420100sqlt.html',0,1308469140),('69e72a420100smmp','普吉岛随拍：夏天的小美好~','http://blog.sina.com.cn/s/blog_69e72a420100smmp.html',0,1307954160),('69e72a420100seo3','童心童趣:记厦门市实验小学班级活…','http://blog.sina.com.cn/s/blog_69e72a420100seo3.html',0,1307581740),('69e72a420100scev','不织布手工:用心发现~','http://blog.sina.com.cn/s/blog_69e72a420100scev.html',0,1307413320),('69e72a420100rpmx','谁能不喜欢?黄油曲奇饼之童心未泯…','http://blog.sina.com.cn/s/blog_69e72a420100rpmx.html',0,1306819560),('69e72a420100rqrx','绝对私房菜--秘制小羊排~','http://blog.sina.com.cn/s/blog_69e72a420100rqrx.html',0,1306288920),('69e72a420100roid','福建漳州：江北荷花开，江南杨梅熟','http://blog.sina.com.cn/s/blog_69e72a420100roid.html',0,1306137300),('69e72a420100rkgr','第四次的香港印象&四周年纪念日~52…','http://blog.sina.com.cn/s/blog_69e72a420100rkgr.html',0,1305868440),('69e72a420100rig9','厦门忠仑公园：桃花朵朵开~','http://blog.sina.com.cn/s/blog_69e72a420100rig9.html',0,1305781860),('69e72a420100rgjt','自制磨牙小零嘴:香烤鱿鱼丝~','http://blog.sina.com.cn/s/blog_69e72a420100rgjt.html',0,1305685680),('69e72a420100rdax','手工面包：丹麦葡萄卷:Raisin Dani…','http://blog.sina.com.cn/s/blog_69e72a420100rdax.html',0,1305601200),('69e72a420100rc9d','十字路口的选择：On The Road~','http://blog.sina.com.cn/s/blog_69e72a420100rc9d.html',0,1305461220),('69e72a420100r3k3','热带威尼斯:曼谷丹能沙朵水上市场(…','http://blog.sina.com.cn/s/blog_69e72a420100r3k3.html',0,1305010680),('69e72a420100qxaz','曼谷郑王庙:洗尽铅华的美丽(八)','http://blog.sina.com.cn/s/blog_69e72a420100qxaz.html',0,1304853540),('69e72a420100qxe9','曼谷攻略：湄南河Menam River&考山…','http://blog.sina.com.cn/s/blog_69e72a420100qxe9.html',0,1304666160),('69e72a420100qv05','曼谷攻略：色彩斑斓的大皇宫(六)','http://blog.sina.com.cn/s/blog_69e72a420100qv05.html',0,1304555940),('69e72a420100qrfh','泰国美食攻略：诱人的Thai food(五…','http://blog.sina.com.cn/s/blog_69e72a420100qrfh.html',0,1304472360),('69e72a420100qlsn','与世隔绝的小岛:泰国皇帝岛游记攻…','http://blog.sina.com.cn/s/blog_69e72a420100qlsn.html',0,1303978980),('69e72a420100qeo6','【我的秘密天堂】皇帝岛Racha Yai …','http://blog.sina.com.cn/s/blog_69e72a420100qeo6.html',0,1303535880),('69e72a420100qa4h','普吉攻略:PP岛,玛雅湾,蛋岛(二)','http://blog.sina.com.cn/s/blog_69e72a420100qa4h.html',0,1303094340),('69e72a420100q9bg','曼谷/普吉自助游攻略:准备篇(一)','http://blog.sina.com.cn/s/blog_69e72a420100q9bg.html',0,1303027860),('69e72a420100q878','我的心中每天开出一朵花~','http://blog.sina.com.cn/s/blog_69e72a420100q878.html',0,1302829020),('69e72a420100ldfr','鼓浪屿的快乐时光','http://blog.sina.com.cn/s/blog_69e72a420100ldfr.html',0,1285461600),('69e72a420100kme9','天生好狗命：兜小娃的艳照门！~','http://blog.sina.com.cn/s/blog_69e72a420100kme9.html',0,1281337140),('69e72a420102vj3h','武夷山周末小记','http://blog.sina.com.cn/s/blog_69e72a420102vj3h.html',1,1432882740),('69e72a420102vdsz','三亚美食攻略之海鲜必修课','http://blog.sina.com.cn/s/blog_69e72a420102vdsz.html',1,1423807740),('69e72a420101gvec','同里古镇：你的烟雨江南，我的慢生…','http://blog.sina.com.cn/s/blog_69e72a420101gvec.html',1,1384219440),('69e72a420101guyi','苏州吴江：秋天的吴越美食之旅','http://blog.sina.com.cn/s/blog_69e72a420101guyi.html',1,1383873360),('69e72a420101gtp3','苏州吴江：让人脸红心跳的中华性文…','http://blog.sina.com.cn/s/blog_69e72a420101gtp3.html',1,1383697980),('69e72a420101axz1','文艺厦门：迷失曾厝垵','http://blog.sina.com.cn/s/blog_69e72a420101axz1.html',1,1362977400),('69e72a420101berb','土楼情缘：一种安定，一种精彩','http://blog.sina.com.cn/s/blog_69e72a420101berb.html',1,1361845080),('69e72a420101b760','小清新的福建年','http://blog.sina.com.cn/s/blog_69e72a420101b760.html',1,1361153280),('69e72a420101aplq','大嶝小镇：探访全国唯一的台湾免税…','http://blog.sina.com.cn/s/blog_69e72a420101aplq.html',1,1359340500),('69e72a4201019pa8','冬日厦门：浪漫的铁路文化公园','http://blog.sina.com.cn/s/blog_69e72a4201019pa8.html',1,1355971800),('69e72a4201016omi','厦门攻略：鼓浪屿的四种玩法','http://blog.sina.com.cn/s/blog_69e72a4201016omi.html',1,1346980320),('69e72a4201016tw0','厦门美食地图：本地人爱去的海鲜大…','http://blog.sina.com.cn/s/blog_69e72a4201016tw0.html',1,1346589000),('69e72a4201016nbg','厦门美食地图：必尝的老字号特色小…','http://blog.sina.com.cn/s/blog_69e72a4201016nbg.html',1,1344387600),('69e72a4201011s2i','三亚攻略：拒绝被宰！地道海鲜这样…','http://blog.sina.com.cn/s/blog_69e72a4201011s2i.html',1,1328412780),('69e72a4201011oot','三亚攻略：热带水果和海鲜干货批发…','http://blog.sina.com.cn/s/blog_69e72a4201011oot.html',1,1327887000),('69e72a4201011n1i','冬日海南：请到天涯海角来(四)','http://blog.sina.com.cn/s/blog_69e72a4201011n1i.html',1,1327557120),('69e72a4201011ko3','冬日海南：美丽的亚龙湾海滩(三)','http://blog.sina.com.cn/s/blog_69e72a4201011ko3.html',1,1327030200),('69e72a4201011g8p','跟着电影去旅行：三亚亚龙湾热带天…','http://blog.sina.com.cn/s/blog_69e72a4201011g8p.html',1,1326765720),('69e72a4201011g8b','冬日海南：分界洲岛的慢生活(一)','http://blog.sina.com.cn/s/blog_69e72a4201011g8b.html',1,1326382740),('69e72a420101160x','夜广州：吃吃逛逛上下九','http://blog.sina.com.cn/s/blog_69e72a420101160x.html',1,1325133360),('69e72a42010113ms','夜广州：璀璨的珠江新城','http://blog.sina.com.cn/s/blog_69e72a42010113ms.html',1,1324903800),('69e72a420100ymzd','西安攻略:逛不够的回民街','http://blog.sina.com.cn/s/blog_69e72a420100ymzd.html',1,1319771340),('69e72a420100ya17','千年美食之都：尝不尽的西安味道','http://blog.sina.com.cn/s/blog_69e72a420100ya17.html',1,1319099940),('69e72a420100xwir','西安攻略：迷人的大雁塔广场','http://blog.sina.com.cn/s/blog_69e72a420100xwir.html',1,1318323360),('69e72a420100wo1z','玉龙雪山：远离尘嚣，贴近心灵','http://blog.sina.com.cn/s/blog_69e72a420100wo1z.html',1,1315966200),('69e72a420100uy17','香格里拉：纯净的普达措国家公园','http://blog.sina.com.cn/s/blog_69e72a420100uy17.html',1,1315404120),('69e72a420100uy0l','云南：丽江的柔软时光','http://blog.sina.com.cn/s/blog_69e72a420100uy0l.html',1,1314929160),('69e72a420100vwkb','漫步北京：琉璃厂文化街','http://blog.sina.com.cn/s/blog_69e72a420100vwkb.html',1,1314594840),('69e72a420100vgnz','北京老胡同的秘密：走进南锣鼓巷','http://blog.sina.com.cn/s/blog_69e72a420100vgnz.html',1,1313633400),('69e72a420100vdbh','周末的北京城','http://blog.sina.com.cn/s/blog_69e72a420100vdbh.html',1,1313485860),('69e72a420100todx','福建龙海：满园荔枝等你摘','http://blog.sina.com.cn/s/blog_69e72a420100todx.html',1,1311552060),('69e72a420100roid','福建漳州：江北荷花开，江南杨梅熟','http://blog.sina.com.cn/s/blog_69e72a420100roid.html',1,1306137300),('69e72a420100ldfr','鼓浪屿的快乐时光','http://blog.sina.com.cn/s/blog_69e72a420100ldfr.html',1,1285461600),('69e72a420101kt84','有趣的酸奶美食分享会','http://blog.sina.com.cn/s/blog_69e72a420101kt84.html',2,1403857500),('69e72a420101ak0v','每天心中开出一朵花：玫瑰戚风蛋糕','http://blog.sina.com.cn/s/blog_69e72a420101ak0v.html',2,1358308320),('69e72a4201019mel','冬天里的小清新：芒果芝士蛋糕','http://blog.sina.com.cn/s/blog_69e72a4201019mel.html',2,1354590060),('69e72a4201016fmj','高纤无糖小零嘴：蜂蜜燕麦核桃球','http://blog.sina.com.cn/s/blog_69e72a4201016fmj.html',2,1343098800),('69e72a42010165iq','浓浓的爱:自制经典重芝士蛋糕','http://blog.sina.com.cn/s/blog_69e72a42010165iq.html',2,1342449300),('69e72a420100uw1f','有嚼头的蛋糕：核桃枣泥重磅蛋糕','http://blog.sina.com.cn/s/blog_69e72a420100uw1f.html',2,1312533300),('69e72a420100ukex','视觉味觉双满足：桑葚芝士蛋糕','http://blog.sina.com.cn/s/blog_69e72a420100ukex.html',2,1311930000),('69e72a420100sqlt','如父爱般醇美:布朗尼芝士蛋糕~','http://blog.sina.com.cn/s/blog_69e72a420100sqlt.html',2,1308469140),('69e72a420100rpmx','谁能不喜欢?黄油曲奇饼之童心未泯…','http://blog.sina.com.cn/s/blog_69e72a420100rpmx.html',2,1306819560),('69e72a420100rqrx','绝对私房菜--秘制小羊排~','http://blog.sina.com.cn/s/blog_69e72a420100rqrx.html',2,1306288920),('69e72a420100rgjt','自制磨牙小零嘴:香烤鱿鱼丝~','http://blog.sina.com.cn/s/blog_69e72a420100rgjt.html',2,1305685680),('69e72a420100rdax','手工面包：丹麦葡萄卷:Raisin Dani…','http://blog.sina.com.cn/s/blog_69e72a420100rdax.html',2,1305601200),('69e72a420102wesb','韩国逛吃逛吃之旅中发现了美食的秘…','http://blog.sina.com.cn/s/blog_69e72a420102wesb.html',3,1470064260),('69e72a420102vknn','带上音乐去旅行','http://blog.sina.com.cn/s/blog_69e72a420102vknn.html',3,1435717740),('69e72a420102vhdp','十分钟健康早餐：核桃红枣燕麦粥','http://blog.sina.com.cn/s/blog_69e72a420102vhdp.html',3,1430270640),('69e72a420102vdsn','过年了，玩点饺子的小花样','http://blog.sina.com.cn/s/blog_69e72a420102vdsn.html',3,1423963140),('69e72a420102v6lm','用旅行的足迹，印下亲子的快乐时光','http://blog.sina.com.cn/s/blog_69e72a420102v6lm.html',3,1415611860),('69e72a420102v422','旅行感悟：“旅行，遇见另一个自己”…','http://blog.sina.com.cn/s/blog_69e72a420102v422.html',3,1413514320),('69e72a420101ha3e','这么这么快，又过生日了','http://blog.sina.com.cn/s/blog_69e72a420101ha3e.html',3,1391846400),('69e72a420101h5yi','小宝石这一年来的成长记','http://blog.sina.com.cn/s/blog_69e72a420101h5yi.html',3,1386223380),('69e72a420101h1es','旅行的意义，关于旅行的第一座奖杯','http://blog.sina.com.cn/s/blog_69e72a420101h1es.html',3,1384789800),('69e72a420101flbk','小辫子情怀','http://blog.sina.com.cn/s/blog_69e72a420101flbk.html',3,1378386600),('69e72a420101dkq9','平凡中的甜蜜小生活','http://blog.sina.com.cn/s/blog_69e72a420101dkq9.html',3,1370506860),('69e72a420101bl9b','带着宝宝去旅行出行全攻略：最贴心…','http://blog.sina.com.cn/s/blog_69e72a420101bl9b.html',3,1365747000),('69e72a420101b12c','又一岁','http://blog.sina.com.cn/s/blog_69e72a420101b12c.html',3,1360325340),('69e72a4201019rgf','我不是想吃面，我只是想见多你几面','http://blog.sina.com.cn/s/blog_69e72a4201019rgf.html',3,1355455920),('69e72a4201017tik','我的生产及月子日记：亲亲我的宝贝','http://blog.sina.com.cn/s/blog_69e72a4201017tik.html',3,1350622200),('69e72a4201017ppf','怀孕笔记：我的世界从此以后多了一…','http://blog.sina.com.cn/s/blog_69e72a4201017ppf.html',3,1347848700),('69e72a4201011trq','Bye and say Hi~','http://blog.sina.com.cn/s/blog_69e72a4201011trq.html',3,1328684280),('69e72a4201010yto','天马行空：看荷兰艺术大师如何“庖…','http://blog.sina.com.cn/s/blog_69e72a4201010yto.html',3,1324426920),('69e72a4201010yrz','创新之旅：你见过没有后视镜的汽车…','http://blog.sina.com.cn/s/blog_69e72a4201010yrz.html',3,1324343520),('69e72a420100zjel','人性化创新体验之旅：挑战模拟车祸','http://blog.sina.com.cn/s/blog_69e72a420100zjel.html',3,1321421760),('69e72a420100zjbl','人性化创新体验之旅：挑战零排放','http://blog.sina.com.cn/s/blog_69e72a420100zjbl.html',3,1321366560),('69e72a420100x0dd','浪漫厦门：阳光下午茶','http://blog.sina.com.cn/s/blog_69e72a420100x0dd.html',3,1316657400),('69e72a420100wuln','纸模手工：吉隆坡双子塔The Petron…','http://blog.sina.com.cn/s/blog_69e72a420100wuln.html',3,1316345460),('69e72a420100smmp','普吉岛随拍：夏天的小美好~','http://blog.sina.com.cn/s/blog_69e72a420100smmp.html',3,1307954160),('69e72a420100seo3','童心童趣:记厦门市实验小学班级活…','http://blog.sina.com.cn/s/blog_69e72a420100seo3.html',3,1307581740),('69e72a420100scev','不织布手工:用心发现~','http://blog.sina.com.cn/s/blog_69e72a420100scev.html',3,1307413320),('69e72a420100rig9','厦门忠仑公园：桃花朵朵开~','http://blog.sina.com.cn/s/blog_69e72a420100rig9.html',3,1305781860),('69e72a420100rc9d','十字路口的选择：On The Road~','http://blog.sina.com.cn/s/blog_69e72a420100rc9d.html',3,1305461220),('69e72a420100q878','我的心中每天开出一朵花~','http://blog.sina.com.cn/s/blog_69e72a420100q878.html',3,1302829020),('69e72a420100kme9','天生好狗命：兜小娃的艳照门！~','http://blog.sina.com.cn/s/blog_69e72a420100kme9.html',3,1281337140),('69e72a420101gkp5','做一次短暂的台湾人','http://blog.sina.com.cn/s/blog_69e72a420101gkp5.html',4,1383008520),('69e72a420101gjx4','来台北寻一点小美好','http://blog.sina.com.cn/s/blog_69e72a420101gjx4.html',4,1382497740),('69e72a420101gg7f','乐活台北，捷运慢游：台北四日自助…','http://blog.sina.com.cn/s/blog_69e72a420101gg7f.html',4,1382322600),('69e72a420101gend','暴走台北：饶河街夜市','http://blog.sina.com.cn/s/blog_69e72a420101gend.html',4,1381909380),('69e72a420101gcva','味道台北：寻找大街小巷里的美食','http://blog.sina.com.cn/s/blog_69e72a420101gcva.html',4,1381566780),('69e72a420101gcjs','味道台北：西门町美食地图','http://blog.sina.com.cn/s/blog_69e72a420101gcjs.html',4,1381540680),('69e72a420101g31t','自在台北：最美的台式下午茶','http://blog.sina.com.cn/s/blog_69e72a420101g31t.html',4,1381396860),('69e72a420101fwlq','台北自由行：饕餮永康街','http://blog.sina.com.cn/s/blog_69e72a420101fwlq.html',4,1380090540),('69e72a420101fzm4','达人揪团带路：台湾自由行之民宿攻…','http://blog.sina.com.cn/s/blog_69e72a420101fzm4.html',4,1379833380),('69e72a420101fuz4','南投清境农场：青青草原羊咩咩','http://blog.sina.com.cn/s/blog_69e72a420101fuz4.html',4,1379391300),('69e72a420101fs73','找寻鹿港小镇里的古早味','http://blog.sina.com.cn/s/blog_69e72a420101fs73.html',4,1379060280),('69e72a420101fovu','台中逢甲夜市，美食潮流聚集地','http://blog.sina.com.cn/s/blog_69e72a420101fovu.html',4,1378654500),('69e72a420101fnsp','台湾自由行:高雄旗津舒活慢游记','http://blog.sina.com.cn/s/blog_69e72a420101fnsp.html',4,1378431540),('69e72a420101fmyh','台湾自由行：来台不可错过的屏东万…','http://blog.sina.com.cn/s/blog_69e72a420101fmyh.html',4,1378343460),('69e72a420101fmhy','垦丁后壁湖，生鱼片厚得像棉被！台…','http://blog.sina.com.cn/s/blog_69e72a420101fmhy.html',4,1378217280),('69e72a420101fm6i','达人揪团带路：台湾自由行路书之省…','http://blog.sina.com.cn/s/blog_69e72a420101fm6i.html',4,1378138260),('69e72a420101e9n0','台北阳明山：海芋情深','http://blog.sina.com.cn/s/blog_69e72a420101e9n0.html',4,1373501880),('69e72a420101e6ho','台北：青春洋溢的师大夜市','http://blog.sina.com.cn/s/blog_69e72a420101e6ho.html',4,1372647840),('69e72a420101d2w9','台湾民宿：温情的在地生活','http://blog.sina.com.cn/s/blog_69e72a420101d2w9.html',4,1371455940),('69e72a420101de1k','黄金山城：恋恋九份（美食篇）','http://blog.sina.com.cn/s/blog_69e72a420101de1k.html',4,1370397960),('69e72a420101dljg','黄金山城：恋恋九份（风景篇）','http://blog.sina.com.cn/s/blog_69e72a420101dljg.html',4,1370222760),('69e72a420101cvdx','亚洲最大的水族博物馆：垦丁海生馆','http://blog.sina.com.cn/s/blog_69e72a420101cvdx.html',4,1368665100),('69e72a420101d4ox','台湾古早味：恒春周日夜市','http://blog.sina.com.cn/s/blog_69e72a420101d4ox.html',4,1367909700),('69e72a420101cpvy','春天疯垦丁：骑着机车环岛游','http://blog.sina.com.cn/s/blog_69e72a420101cpvy.html',4,1366937880),('69e72a420101csj8','垦丁：吃吃逛逛垦丁街','http://blog.sina.com.cn/s/blog_69e72a420101csj8.html',4,1366591800),('69e72a4201010mgb','浪漫淡水：迷人的渔人码头（十二）','http://blog.sina.com.cn/s/blog_69e72a4201010mgb.html',4,1323609960),('69e72a4201010i2n','台北攻略：逛街篇-西门町PK忠孝东…','http://blog.sina.com.cn/s/blog_69e72a4201010i2n.html',4,1323238080),('69e72a42010106ov','台北攻略：乐享士林夜市地道美食（…','http://blog.sina.com.cn/s/blog_69e72a42010106ov.html',4,1322637360),('69e72a42010102bb','台北攻略：奇特的野柳地质公园(九)','http://blog.sina.com.cn/s/blog_69e72a42010102bb.html',4,1322406660),('69e72a420100zvy5','台北攻略：故宫博物院看十大镇馆之…','http://blog.sina.com.cn/s/blog_69e72a420100zvy5.html',4,1322101560),('69e72a420100zvaf','台北攻略：曾经的世界第一高楼101…','http://blog.sina.com.cn/s/blog_69e72a420100zvaf.html',4,1322045400),('69e72a420100znbl','南投：别具特色的庐山温泉美食区(…','http://blog.sina.com.cn/s/blog_69e72a420100znbl.html',4,1321831800),('69e72a420100zl6x','南投：难忘心中的日月潭(五)','http://blog.sina.com.cn/s/blog_69e72a420100zl6x.html',4,1321514880),('69e72a420100zfdj','嘉义：阿里山的暮秋记忆(四)','http://blog.sina.com.cn/s/blog_69e72a420100zfdj.html',4,1321197780),('69e72a420100z99n','台南：探访全台历史古迹最多的城市…','http://blog.sina.com.cn/s/blog_69e72a420100z99n.html',4,1320852000),('69e72a420100z3b1','高雄印象：最具人气的六合路夜市(…','http://blog.sina.com.cn/s/blog_69e72a420100z3b1.html',4,1320588000),('69e72a420100uutz','纵贯台湾：史上最全台湾自由行攻略…','http://blog.sina.com.cn/s/blog_69e72a420100uutz.html',4,1320484500),('69e72a420102w9nm','逛在香港：“迷你”趣味行','http://blog.sina.com.cn/s/blog_69e72a420102w9nm.html',5,1466482020),('69e72a420102vyfr','五种STYLE!香港圣诞新年除夕大餐攻…','http://blog.sina.com.cn/s/blog_69e72a420102vyfr.html',5,1450930620),('69e72a420102vkds','香港中环：香港人集体回忆的荔园和…','http://blog.sina.com.cn/s/blog_69e72a420102vkds.html',5,1436143140),('69e72a420101i93i','香港：迪士尼全攻略之美食住宿篇（…','http://blog.sina.com.cn/s/blog_69e72a420101i93i.html',5,1390441860),('69e72a420101i7jc','香港：迪士尼全攻略之玩乐篇（上）…','http://blog.sina.com.cn/s/blog_69e72a420101i7jc.html',5,1390361040),('69e72a420101i5hh','迪士尼，不只是孩子的礼物Disneyla…','http://blog.sina.com.cn/s/blog_69e72a420101i5hh.html',5,1389836700),('69e72a420101i0s6','寻味，香港','http://blog.sina.com.cn/s/blog_69e72a420101i0s6.html',5,1389173460),('69e72a420101h7wl','澳门：氹仔美食攻略','http://blog.sina.com.cn/s/blog_69e72a420101h7wl.html',5,1385693400),('69e72a420101h7jg','澳门：梦幻冬日的冰雪世界','http://blog.sina.com.cn/s/blog_69e72a420101h7jg.html',5,1385602080),('69e72a420101h3q6','澳门：亲临拳王争霸赛金光决战的台…','http://blog.sina.com.cn/s/blog_69e72a420101h3q6.html',5,1385391660),('69e72a4201015z1e','维多利亚公园的人性化设计','http://blog.sina.com.cn/s/blog_69e72a4201015z1e.html',5,1341495000),('69e72a4201015fxw','大澳渔村：回归原始的香港记忆','http://blog.sina.com.cn/s/blog_69e72a4201015fxw.html',5,1340082900),('69e72a4201015fqf','昂坪360：全景大屿山','http://blog.sina.com.cn/s/blog_69e72a4201015fqf.html',5,1339648200),('69e72a4201014prf','香港医疗：旅游时挂急诊的独特经历','http://blog.sina.com.cn/s/blog_69e72a4201014prf.html',5,1337687700),('69e72a4201014g47','香港：享受超值的英式下午茶','http://blog.sina.com.cn/s/blog_69e72a4201014g47.html',5,1336958100),('69e72a42010138yv','香港美食攻略：寻找大街小巷里的美…','http://blog.sina.com.cn/s/blog_69e72a42010138yv.html',5,1336441800),('69e72a42010138yn','香港美食攻略：在中环感受传统与异…','http://blog.sina.com.cn/s/blog_69e72a42010138yn.html',5,1335079860),('69e72a42010138xs','香港美食攻略：在铜锣湾寻找地道香…','http://blog.sina.com.cn/s/blog_69e72a42010138xs.html',5,1334660340),('69e72a4201012ylf','香港：真实鲜活的市井生活','http://blog.sina.com.cn/s/blog_69e72a4201012ylf.html',5,1332750600),('69e72a4201012iz0','澳门旅游完全攻略','http://blog.sina.com.cn/s/blog_69e72a4201012iz0.html',5,1331259720),('69e72a4201012af6','澳门故事：美食美景大三巴','http://blog.sina.com.cn/s/blog_69e72a4201012af6.html',5,1330416360),('69e72a4201011yui','澳门故事：相约一场味蕾之旅','http://blog.sina.com.cn/s/blog_69e72a4201011yui.html',5,1329712200),('69e72a420100rkgr','第四次的香港印象&四周年纪念日~52…','http://blog.sina.com.cn/s/blog_69e72a420100rkgr.html',5,1305868440),('69e72a420102w0tg','普吉攻略：迷人的迈考海滩 Ma…','http://blog.sina.com.cn/s/blog_69e72a420102w0tg.html',6,1454735640),('69e72a420102w0ki','普吉攻略：拜个师傅学泰餐吧！Spic…','http://blog.sina.com.cn/s/blog_69e72a420102w0ki.html',6,1454548800),('69e72a420102w0jw','泰国攻略：普吉岛另一种玩法-单车…','http://blog.sina.com.cn/s/blog_69e72a420102w0jw.html',6,1454390340),('69e72a420102v41z','兰卡威：珍南海滩+芭雅岛跳岛游Lan…','http://blog.sina.com.cn/s/blog_69e72a420102v41z.html',6,1413425160),('69e72a420102v27c','兰卡威：出海邂逅最美夕阳Langkawi','http://blog.sina.com.cn/s/blog_69e72a420102v27c.html',6,1413335520),('69e72a420102v21w','吉隆坡：云顶高原的惬意时光','http://blog.sina.com.cn/s/blog_69e72a420102v21w.html',6,1413251100),('69e72a420102v1qa','吉隆坡双子塔，与各种美好不期而遇','http://blog.sina.com.cn/s/blog_69e72a420102v1qa.html',6,1413163920),('69e72a420100to95','挑战味蕾的马来西亚美食（十）','http://blog.sina.com.cn/s/blog_69e72a420100to95.html',6,1311121320),('69e72a420100tn5v','夏夜的光涂鸦：Kapalai(九)','http://blog.sina.com.cn/s/blog_69e72a420100tn5v.html',6,1310909700),('69e72a420100to89','马来西亚潜水初体验：海平面下的世…','http://blog.sina.com.cn/s/blog_69e72a420100to89.html',6,1310535900),('69e72a420100to91','马来西亚：感受马布岛的阳光生活Ma…','http://blog.sina.com.cn/s/blog_69e72a420100to91.html',6,1310350200),('69e72a420100thf7','马来西亚：媲美马尔代夫的卡帕莱水…','http://blog.sina.com.cn/s/blog_69e72a420100thf7.html',6,1310084280),('69e72a420100thgp','迷失在北纬四度的绝色天堂：Kapala…','http://blog.sina.com.cn/s/blog_69e72a420100thgp.html',6,1309828560),('69e72a420100t9y9','探访传说中的美人鱼岛Mantanani is…','http://blog.sina.com.cn/s/blog_69e72a420100t9y9.html',6,1309481040),('69e72a420100t4i5','沙巴五星酒店大PK:麦哲伦VS香格里…','http://blog.sina.com.cn/s/blog_69e72a420100t4i5.html',6,1309308720),('69e72a420100t0d9','沙巴攻略：沙皮岛、马穆迪岛sapi、…','http://blog.sina.com.cn/s/blog_69e72a420100t0d9.html',6,1308902160),('69e72a420100t0az','第一眼马来西亚:哥打京那巴鲁Kota …','http://blog.sina.com.cn/s/blog_69e72a420100t0az.html',6,1308718620),('69e72a420100r3k3','热带威尼斯:曼谷丹能沙朵水上市场(…','http://blog.sina.com.cn/s/blog_69e72a420100r3k3.html',6,1305010680),('69e72a420100qxaz','曼谷郑王庙:洗尽铅华的美丽(八)','http://blog.sina.com.cn/s/blog_69e72a420100qxaz.html',6,1304853540),('69e72a420100qxe9','曼谷攻略：湄南河Menam River&考山…','http://blog.sina.com.cn/s/blog_69e72a420100qxe9.html',6,1304666160),('69e72a420100qv05','曼谷攻略：色彩斑斓的大皇宫(六)','http://blog.sina.com.cn/s/blog_69e72a420100qv05.html',6,1304555940),('69e72a420100qrfh','泰国美食攻略：诱人的Thai food(五…','http://blog.sina.com.cn/s/blog_69e72a420100qrfh.html',6,1304472360),('69e72a420100qlsn','与世隔绝的小岛:泰国皇帝岛游记攻…','http://blog.sina.com.cn/s/blog_69e72a420100qlsn.html',6,1303978980),('69e72a420100qeo6','【我的秘密天堂】皇帝岛Racha Yai …','http://blog.sina.com.cn/s/blog_69e72a420100qeo6.html',6,1303535880),('69e72a420100qa4h','普吉攻略:PP岛,玛雅湾,蛋岛(二)','http://blog.sina.com.cn/s/blog_69e72a420100qa4h.html',6,1303094340),('69e72a420100q9bg','曼谷/普吉自助游攻略:准备篇(一)','http://blog.sina.com.cn/s/blog_69e72a420100q9bg.html',6,1303027860),('69e72a420101j2cf','墨尔本：普芬比利蒸汽小火车之旅Pu…','http://blog.sina.com.cn/s/blog_69e72a420101j2cf.html',7,1395192720),('69e72a420101izje','墨尔本菲利普岛：离人类生活圈最近…','http://blog.sina.com.cn/s/blog_69e72a420101izje.html',7,1394759160),('69e72a420101hgau','大堡礁汉密尔顿岛：四天三夜游记攻…','http://blog.sina.com.cn/s/blog_69e72a420101hgau.html',7,1394593560),('69e72a420101iszp','经典路线走一走,浅游南澳大利亚有…','http://blog.sina.com.cn/s/blog_69e72a420101iszp.html',7,1393571700),('69e72a420101hnd7','大堡礁潜水初体验Great Barrier Re…','http://blog.sina.com.cn/s/blog_69e72a420101hnd7.html',7,1388077380),('69e72a420101hh3i','俯瞰大堡礁之神奇礁世界-心形礁&nb…','http://blog.sina.com.cn/s/blog_69e72a420101hh3i.html',7,1387422480),('69e72a420101hdwl','海陆空深入大堡礁：圣灵群岛攻略篇…','http://blog.sina.com.cn/s/blog_69e72a420101hdwl.html',7,1386685080),('69e72a420101gxjh','澳大利亚十二日亲子自助游攻略','http://blog.sina.com.cn/s/blog_69e72a420101gxjh.html',7,1384394220),('69e72a420102vzyh','长崎亲子游：日本80后的玩具博物馆','http://blog.sina.com.cn/s/blog_69e72a420102vzyh.html',8,1454249640),('69e72a420102vzye','日本长崎：光之王国豪斯登堡灯光节','http://blog.sina.com.cn/s/blog_69e72a420102vzye.html',8,1453733880),('69e72a420102vzxz','日本长崎：揭秘“奇怪的”机器人酒店…','http://blog.sina.com.cn/s/blog_69e72a420102vzxz.html',8,1453263060),('69e72a420102vzxe','日本亲子游：超有爱的长崎喂食主题…','http://blog.sina.com.cn/s/blog_69e72a420102vzxe.html',8,1453102740),('69e72a420102vzpv','日本长崎岛原：出海！去看海豚喽！','http://blog.sina.com.cn/s/blog_69e72a420102vzpv.html',8,1452823320),('69e72a420102vzo3','日本长崎亲子游：制作体验传统冰糯…','http://blog.sina.com.cn/s/blog_69e72a420102vzo3.html',8,1452739080),('69e72a420102vrdu','韩国：爱上济州岛的蓝色和美味JEJU…','http://blog.sina.com.cn/s/blog_69e72a420102vrdu.html',8,1444279860),('69e72a420102vrbl','韩国首尔：快乐澡堂，感受传统汗蒸…','http://blog.sina.com.cn/s/blog_69e72a420102vrbl.html',8,1443059100),('69e72a420102vrac','韩国：真实鲜活的市井生活（济州岛…','http://blog.sina.com.cn/s/blog_69e72a420102vrac.html',8,1442978040),('69e72a420102vr90','韩国：真实鲜活的市井生活（首尔篇…','http://blog.sina.com.cn/s/blog_69e72a420102vr90.html',8,1442897160),('69e72a420102vhmu','首尔夜生活-CRAZY之夜','http://blog.sina.com.cn/s/blog_69e72a420102vhmu.html',8,1430186220),('69e72a420102vg09','日本京都：伏见稻荷大社','http://blog.sina.com.cn/s/blog_69e72a420102vg09.html',8,1427716800),('69e72a420102vecq','日本京都：祇园花见小路','http://blog.sina.com.cn/s/blog_69e72a420102vecq.html',8,1427350260),('69e72a420102veb9','日本京都：清水寺、三十三间堂','http://blog.sina.com.cn/s/blog_69e72a420102veb9.html',8,1425622680),('69e72a420102ve53','日本京都：有趣的和服变装初体验','http://blog.sina.com.cn/s/blog_69e72a420102ve53.html',8,1425448560),('69e72a420102vdpt','日本京都：感受日本传统民宿','http://blog.sina.com.cn/s/blog_69e72a420102vdpt.html',8,1425304200),('69e72a420102vdmt','大阪逛街首选：道顿崛和心斋桥商圈','http://blog.sina.com.cn/s/blog_69e72a420102vdmt.html',8,1423702260),('69e72a420102vdmh','日本亲子游：大阪环球影城攻略','http://blog.sina.com.cn/s/blog_69e72a420102vdmh.html',8,1423459500),('69e72a420102vd7a','日本大阪港特色美食街：横丁食街','http://blog.sina.com.cn/s/blog_69e72a420102vd7a.html',8,1422926760),('69e72a420102vd5h','日本亲子游攻略：大阪海游馆一日游','http://blog.sina.com.cn/s/blog_69e72a420102vd5h.html',8,1422839580),('69e72a420102vcby','日本：被称作大阪代表厨房的黑门市…','http://blog.sina.com.cn/s/blog_69e72a420102vcby.html',8,1421725200),('69e72a420102vbop','别样日本：亲子自由行全攻略','http://blog.sina.com.cn/s/blog_69e72a420102vbop.html',8,1421378400),('69e72a420102vho0','美利坚自由行：品味美国味道','http://blog.sina.com.cn/s/blog_69e72a420102vho0.html',9,1430290080),('69e72a420102vemz','美国自驾游：聊聊自助加油那些事','http://blog.sina.com.cn/s/blog_69e72a420102vemz.html',9,1426812720),('69e72a420102vcva','美国：纽约就这样，你爱来不来','http://blog.sina.com.cn/s/blog_69e72a420102vcva.html',9,1422429000),('69e72a420102v83b','感受美国，点滴华盛顿 Washington,…','http://blog.sina.com.cn/s/blog_69e72a420102v83b.html',9,1417145880),('69e72a420102v4j2','美国：美西一号公路自驾攻略','http://blog.sina.com.cn/s/blog_69e72a420102v4j2.html',9,1413773580),('69e72a420101kvba','美加边境：壮美的尼亚加拉大瀑布','http://blog.sina.com.cn/s/blog_69e72a420101kvba.html',9,1403763300),('69e72a420101kesh','美国：自驾布法罗，吃吃逛逛水牛城','http://blog.sina.com.cn/s/blog_69e72a420101kesh.html',9,1403576160),('69e72a420101kq95','华盛顿：国家自然历史博物馆-博物…','http://blog.sina.com.cn/s/blog_69e72a420101kq95.html',9,1403166180),('69e72a420101klh7','华盛顿：艾弗逊纪念堂、白宫、国会…','http://blog.sina.com.cn/s/blog_69e72a420101klh7.html',9,1402625700),('69e72a420101kevm','美国：纽约-华盛顿自驾游记','http://blog.sina.com.cn/s/blog_69e72a420101kevm.html',9,1402281000),('69e72a420101k9yw','舌尖上的美国，纽约美食攻略','http://blog.sina.com.cn/s/blog_69e72a420101k9yw.html',9,1401156600),('69e72a420101k53m','慢游纽约：大都会博物馆游记Metrop…','http://blog.sina.com.cn/s/blog_69e72a420101k53m.html',9,1400568660),('69e72a420101k1kd','鸟瞰纽约城：直升飞机之旅NEW YORK…','http://blog.sina.com.cn/s/blog_69e72a420101k1kd.html',9,1399960020),('69e72a420101jzm7','慢游纽约：坐船出海拜会自由女神像…','http://blog.sina.com.cn/s/blog_69e72a420101jzm7.html',9,1399514400),('69e72a420101jsy2','慢游纽约：中央车站、炮台公园、华…','http://blog.sina.com.cn/s/blog_69e72a420101jsy2.html',9,1399183620),('69e72a420101jp61','美国租车及自驾车攻略指南','http://blog.sina.com.cn/s/blog_69e72a420101jp61.html',9,1398063960),('69e72a420101jkj1','美国签证攻略:我的面签经历','http://blog.sina.com.cn/s/blog_69e72a420101jkj1.html',9,1397526480),('69e72a420102v95l','新加坡:坐船夜游新加坡河Singapore…','http://blog.sina.com.cn/s/blog_69e72a420102v95l.html',10,1417660920),('69e72a420102v953','新加坡滨海湾美食攻略 Marina Bay','http://blog.sina.com.cn/s/blog_69e72a420102v953.html',10,1417590900),('69e72a420102v92i','新加坡滨海湾游玩攻略Marina Bay','http://blog.sina.com.cn/s/blog_69e72a420102v92i.html',10,1417510740),('69e72a420101iqu4','新加坡:河川动物园River Safari','http://blog.sina.com.cn/s/blog_69e72a420101iqu4.html',10,1393902300),('69e72a420101ilqb','玩乐新加坡动物园Singapore Zoo','http://blog.sina.com.cn/s/blog_69e72a420101ilqb.html',10,1392822420),('69e72a420101i9uz','新加坡：玩在圣淘沙Sentosa攻略','http://blog.sina.com.cn/s/blog_69e72a420101i9uz.html',10,1390876020),('69e72a420101i9c0','新加坡:热闹的牛车水唐人街China T…','http://blog.sina.com.cn/s/blog_69e72a420101i9c0.html',10,1390701300),('69e72a420101i2r0','新加坡跨年自助游攻略','http://blog.sina.com.cn/s/blog_69e72a420101i2r0.html',10,1390459920),('69e72a420101hymt','新加坡圣淘沙：亚洲最大的新年倒数…','http://blog.sina.com.cn/s/blog_69e72a420101hymt.html',10,1388973360),('69e72a420102vy1k','迪拜：逛逛传统织物，香料市场和黄…','http://blog.sina.com.cn/s/blog_69e72a420102vy1k.html',11,1450764720),('69e72a420102vy13','迪拜：不能错过的沙漠冲沙之旅Dese…','http://blog.sina.com.cn/s/blog_69e72a420102vy13.html',11,1450615140),('69e72a420102vxy4','迪拜：一吻定情海豚湾Dolphin Bay','http://blog.sina.com.cn/s/blog_69e72a420102vxy4.html',11,1450276320),('69e72a420102vxvj','迪拜：探秘迪拜酋长的顶级黄金马场…','http://blog.sina.com.cn/s/blog_69e72a420102vxvj.html',11,1450183320),('69e72a420102vkky','西班牙塞维利亚：邂逅弗拉明戈歌舞…','http://blog.sina.com.cn/s/blog_69e72a420102vkky.html',12,1446172080),('69e72a420102vkac','西班牙：历史与现代交融的塞维利亚…','http://blog.sina.com.cn/s/blog_69e72a420102vkac.html',12,1437974280),('69e72a420102vjzm','马德里周边游：托莱多古城Toledo','http://blog.sina.com.cn/s/blog_69e72a420102vjzm.html',12,1435120260),('69e72a420102vjxk','马德里：40欧看西甲皇马进球大战Re…','http://blog.sina.com.cn/s/blog_69e72a420102vjxk.html',12,1434433620),('69e72a420102vjun','马德里不思议：壮观的圣周游行Madr…','http://blog.sina.com.cn/s/blog_69e72a420102vjun.html',12,1434348900),('69e72a420102vhzj','浓情西班牙，自助游攻略出发篇','http://blog.sina.com.cn/s/blog_69e72a420102vhzj.html',12,1431050940),('69e72a420102vbsl','巴西：直升飞机鸟瞰里约热内卢Rio …','http://blog.sina.com.cn/s/blog_69e72a420102vbsl.html',13,1421032920),('69e72a420102v82x','舌尖上的桑巴风情：探访里约热内卢…','http://blog.sina.com.cn/s/blog_69e72a420102v82x.html',13,1418355120),('69e72a420102v73d','里约热内卢：漫步甜面包山 Sugarlo…','http://blog.sina.com.cn/s/blog_69e72a420102v73d.html',13,1416899040),('69e72a420102v5f1','里约热内卢：快乐洋溢的科巴卡巴纳…','http://blog.sina.com.cn/s/blog_69e72a420102v5f1.html',13,1416299100),('69e72a420102v51w','里约耶稣山：在离基督最近的地方聆…','http://blog.sina.com.cn/s/blog_69e72a420102v51w.html',13,1414564380),('69e72a420102v4wx','里约大冒险：贫民窟里的塞勒隆阶梯…','http://blog.sina.com.cn/s/blog_69e72a420102v4wx.html',13,1414027080),('69e72a420102v4w4','巴西里约热内卢：天梯教堂游记Cate…','http://blog.sina.com.cn/s/blog_69e72a420102v4w4.html',13,1413877920),('69e72a420101kt9b','里约大冒险之巴西行前攻略','http://blog.sina.com.cn/s/blog_69e72a420101kt9b.html',13,1404448560),('69e72a420101jjqy','冰雪芬兰自助游行前攻略','http://blog.sina.com.cn/s/blog_69e72a420101jjqy.html',14,1397611680),('69e72a420102v1r4','新西兰特产及购物攻略','http://blog.sina.com.cn/s/blog_69e72a420102v1r4.html',15,1411361400),('69e72a420102v1li','新西兰：奥克兰天空塔游记SkyTower','http://blog.sina.com.cn/s/blog_69e72a420102v1li.html',15,1411096260),('69e72a420102v04i','新西兰:皇后镇美食攻略Queenstown','http://blog.sina.com.cn/s/blog_69e72a420102v04i.html',15,1410919620),('69e72a420102v1gp','新西兰皇后镇：达特河探险一日游Da…','http://blog.sina.com.cn/s/blog_69e72a420102v1gp.html',15,1410855900),('69e72a420102v0z1','新西兰皇后镇：挑战极限高空双人跳…','http://blog.sina.com.cn/s/blog_69e72a420102v0z1.html',15,1410767100),('69e72a420102v17r','新西兰南岛：绝美皇后镇游记攻略Qu…','http://blog.sina.com.cn/s/blog_69e72a420102v17r.html',15,1410511680),('69e72a420102v0m1','慢游新西兰：陶波湖和胡卡瀑布Taup…','http://blog.sina.com.cn/s/blog_69e72a420102v0m1.html',15,1410246720),('69e72a420102v029','新西兰毛利之乡：地热城罗托鲁阿Ro…','http://blog.sina.com.cn/s/blog_69e72a420102v029.html',15,1409622600),('69e72a420102v0bq','新西兰：萌萌的爱歌顿皇家牧场Agro…','http://blog.sina.com.cn/s/blog_69e72a420102v0bq.html',15,1409545320),('69e72a420102uzt8','新西兰：奇幻的怀托摩萤火虫洞Wait…','http://blog.sina.com.cn/s/blog_69e72a420102uzt8.html',15,1409124720),('69e72a420102uzok','带着闺蜜去旅行，乘着梦想再出发','http://blog.sina.com.cn/s/blog_69e72a420102uzok.html',15,1408605000),('69e72a420102uzo2','到南半球去避暑：纯净新西兰攻略篇','http://blog.sina.com.cn/s/blog_69e72a420102uzo2.html',15,1408509540);
/*!40000 ALTER TABLE `article_list` ENABLE KEYS */;
UNLOCK TABLES;

--
-- Table structure for table `article_tag`
--

DROP TABLE IF EXISTS `article_tag`;
/*!40101 SET @saved_cs_client     = @@character_set_client */;
/*!40101 SET character_set_client = utf8 */;
CREATE TABLE `article_tag` (
  `id` varchar(20) NOT NULL,
  `tag` varchar(20) NOT NULL,
  PRIMARY KEY (`id`,`tag`)
) ENGINE=MyISAM DEFAULT CHARSET=utf8;
/*!40101 SET character_set_client = @saved_cs_client */;

--
-- Dumping data for table `article_tag`
--

LOCK TABLES `article_tag` WRITE;
/*!40000 ALTER TABLE `article_tag` DISABLE KEYS */;
INSERT INTO `article_tag` VALUES ('69e72a420100qrfh','food'),('69e72a420100qrfh','thai'),('69e72a420100qrfh','泰国日记'),('69e72a420100qrfh','泰餐'),('69e72a420100qrfh','美食'),('69e72a420100qv05','grand'),('69e72a420100qv05','palace'),('69e72a420100qv05','大皇宫'),('69e72a420100qv05','曼谷'),('69e72a420100qv05','泰国'),('69e72a420100qxaz','曼谷'),('69e72a420100qxaz','泰国'),('69e72a420100qxaz','湄南河'),('69e72a420100qxaz','郑王庙'),('69e72a420100qxaz','黎明寺'),('69e72a420100qxe9','曼谷'),('69e72a420100qxe9','泰国'),('69e72a420100qxe9','游记'),('69e72a420100qxe9','考山路攻略'),('69e72a420100qxe9','自助游'),('69e72a420100r3k3','damnoen'),('69e72a420100r3k3','丹能沙朵'),('69e72a420100r3k3','曼谷'),('69e72a420100r3k3','柳絮同学'),('69e72a420100r3k3','水上市场'),('69e72a420100rc9d','on'),('69e72a420100rc9d','road'),('69e72a420100rc9d','the'),('69e72a420100rc9d','享受'),('69e72a420100rc9d','普吉'),('69e72a420100rc9d','柳絮同学'),('69e72a420100rc9d','每天开出一朵花'),('69e72a420100rc9d','禁右'),('69e72a420100rc9d','禁左'),('69e72a420100rc9d','红灯'),('69e72a420100rc9d','美好'),('69e72a420100rc9d','路口'),('69e72a420100rdax','丹麦'),('69e72a420100rdax','柳絮同学'),('69e72a420100rdax','烘焙'),('69e72a420100rdax','葡萄卷'),('69e72a420100rdax','面包'),('69e72a420100rgjt','柳絮同学'),('69e72a420100rgjt','烘培做法'),('69e72a420100rgjt','烘焙入门'),('69e72a420100rgjt','烤鱿鱼丝步骤'),('69e72a420100rgjt','自制鱿鱼丝'),('69e72a420100rig9','下午茶'),('69e72a420100rig9','厦门'),('69e72a420100rig9','墙纸'),('69e72a420100rig9','忠仑公园'),('69e72a420100rig9','春天'),('69e72a420100rig9','春风'),('69e72a420100rig9','柳絮同学'),('69e72a420100rig9','桃花'),('69e72a420100rig9','桃花一苑芳'),('69e72a420100rkgr','如心酒店'),('69e72a420100rkgr','柳絮同学'),('69e72a420100rkgr','纪念日'),('69e72a420100rkgr','镛记烧鹅'),('69e72a420100rkgr','香港'),('69e72a420100roid','厦门'),('69e72a420100roid','柳絮同学'),('69e72a420100roid','漳州'),('69e72a420100roid','福建'),('69e72a420100roid','龙海'),('69e72a420100rpmx','手工饼干做法'),('69e72a420100rpmx','方子'),('69e72a420100rpmx','曲奇饼干做法'),('69e72a420100rpmx','柳絮同学'),('69e72a420100rpmx','黄油饼干'),('69e72a420100rqrx','柳絮同学'),('69e72a420100rqrx','烤羊排'),('69e72a420100rqrx','私房菜'),('69e72a420100rqrx','秘制羊排'),('69e72a420100rqrx','麦德龙'),('69e72a420100scev','diy'),('69e72a420100scev','不织布'),('69e72a420100scev','我的心中'),('69e72a420100scev','手工'),('69e72a420100scev','柳絮同学'),('69e72a420100scev','每天开出一朵花'),('69e72a420100scev','用心发现'),('69e72a420100scev','纸巾盒'),('69e72a420100seo3','三年级'),('69e72a420100seo3','厦门实验小学'),('69e72a420100seo3','孩子气'),('69e72a420100seo3','柳絮同学'),('69e72a420100seo3','校园'),('69e72a420100seo3','班级活动'),('69e72a420100seo3','童心'),('69e72a420100seo3','童趣'),('69e72a420100seo3','集体游戏'),('69e72a420100smmp','夏天的小美好'),('69e72a420100smmp','我的心中'),('69e72a420100smmp','柳絮同学'),('69e72a420100smmp','每天开出一朵花'),('69e72a420100smmp','盛夏'),('69e72a420100smmp','绽放'),('69e72a420100smmp','草帽'),('69e72a420100smmp','鸡蛋花'),('69e72a420100sqlt','布朗尼'),('69e72a420100sqlt','柳絮同学'),('69e72a420100sqlt','每天开出一朵花'),('69e72a420100sqlt','烘焙'),('69e72a420100sqlt','芝士蛋糕'),('69e72a420100t0az','kapalai'),('69e72a420100t0az','kinabalu'),('69e72a420100t0az','kota'),('69e72a420100t0az','mantanani'),('69e72a420100t0az','哥打京那巴鲁'),('69e72a420100t0az','攻略'),('69e72a420100t0az','柳絮同学'),('69e72a420100t0az','马来西亚'),('69e72a420100t0d9','mamutik'),('69e72a420100t0d9','sapi'),('69e72a420100t0d9','柳絮同学'),('69e72a420100t0d9','跳岛游'),('69e72a420100t0d9','马来西亚'),('69e72a420100t4i5','pk'),('69e72a420100t4i5','五星酒店'),('69e72a420100t4i5','亚庇'),('69e72a420100t4i5','柳絮同学'),('69e72a420100t4i5','沙巴'),('69e72a420100t9y9','kk'),('69e72a420100t9y9','mantanani'),('69e72a420100t9y9','亚庇'),('69e72a420100t9y9','柳絮同学'),('69e72a420100t9y9','沙巴岛'),('69e72a420100thf7','kapalai'),('69e72a420100thf7','仙本娜'),('69e72a420100thf7','柳絮同学'),('69e72a420100thf7','沙巴岛'),('69e72a420100thf7','马来西亚'),('69e72a420100thgp','仙本娜'),('69e72a420100thgp','卡帕莱'),('69e72a420100thgp','柳絮同学'),('69e72a420100thgp','沙巴岛'),('69e72a420100thgp','马来西亚'),('69e72a420100tn5v','kapalai'),('69e72a420100tn5v','光涂鸦'),('69e72a420100tn5v','卡帕莱'),('69e72a420100tn5v','柳絮同学'),('69e72a420100tn5v','马来西亚自助游攻略'),('69e72a420100to89','卡帕莱'),('69e72a420100to89','柳絮同学'),('69e72a420100to89','沙巴'),('69e72a420100to89','美人鱼岛'),('69e72a420100to89','马来西亚'),('69e72a420100to91','sipadan'),('69e72a420100to91','柳絮同学'),('69e72a420100to91','沙巴'),('69e72a420100to91','诗巴丹'),('69e72a420100to91','马来西亚'),('69e72a420100to95','柳絮同学'),('69e72a420100to95','沙巴'),('69e72a420100to95','老虎虾'),('69e72a420100to95','马来美食'),('69e72a420100to95','马来西亚'),('69e72a420100todx','厦门'),('69e72a420100todx','柳絮同学'),('69e72a420100todx','漳州'),('69e72a420100todx','福建'),('69e72a420100todx','龙海'),('69e72a420100ukex','做法步骤'),('69e72a420100ukex','柳絮同学'),('69e72a420100ukex','桑葚芝士蛋糕'),('69e72a420100ukex','烘焙贴士'),('69e72a420100ukex','芝士蛋糕方子'),('69e72a420100uutz','个人游台湾'),('69e72a420100uutz','台湾自由行'),('69e72a420100uutz','攻略'),('69e72a420100uutz','游记'),('69e72a420100uutz','路书'),('69e72a420100uw1f','做法步骤'),('69e72a420100uw1f','方子'),('69e72a420100uw1f','枣泥核桃蛋糕'),('69e72a420100uw1f','柳絮同学'),('69e72a420100uw1f','步骤图解'),('69e72a420100uy0l','丽江'),('69e72a420100uy0l','云南'),('69e72a420100uy0l','古城'),('69e72a420100uy0l','束河'),('69e72a420100uy0l','柳絮同学'),('69e72a420100uy17','云南'),('69e72a420100uy17','心中的日月'),('69e72a420100uy17','柳絮同学'),('69e72a420100uy17','滇西北'),('69e72a420100uy17','香格里拉'),('69e72a420100vdbh','北京记忆'),('69e72a420100vdbh','小时候'),('69e72a420100vdbh','朋友'),('69e72a420100vdbh','柳絮同学'),('69e72a420100vdbh','街角'),('69e72a420100vgnz','北京'),('69e72a420100vgnz','南锣鼓巷'),('69e72a420100vgnz','柳絮同学'),('69e72a420100vgnz','胡同'),('69e72a420100vgnz','记忆'),('69e72a420100vwkb','前门'),('69e72a420100vwkb','北京'),('69e72a420100vwkb','大栅栏'),('69e72a420100vwkb','柳絮同学'),('69e72a420100vwkb','琉璃厂'),('69e72a420100wo1z','4680'),('69e72a420100wo1z','丽江'),('69e72a420100wo1z','云南'),('69e72a420100wo1z','冰川'),('69e72a420100wo1z','柳絮同学'),('69e72a420100wo1z','海拔'),('69e72a420100wo1z','游记'),('69e72a420100wo1z','玉龙雪山'),('69e72a420100wo1z','红鳟鱼'),('69e72a420100wo1z','雪域'),('69e72a420100wo1z','香格里拉'),('69e72a420100wuln','3d拼图'),('69e72a420100wuln','towers'),('69e72a420100wuln','twin'),('69e72a420100wuln','双子塔'),('69e72a420100wuln','吉隆坡'),('69e72a420100wuln','图解'),('69e72a420100wuln','建筑纸模'),('69e72a420100wuln','手工'),('69e72a420100wuln','柳絮同学'),('69e72a420100wuln','马来西亚'),('69e72a420100x0dd','32how'),('69e72a420100x0dd','下午茶'),('69e72a420100x0dd','华新路'),('69e72a420100x0dd','厦门咖啡店'),('69e72a420100x0dd','柳絮同学'),('69e72a420100xwir','大唐不夜城'),('69e72a420100xwir','大雁塔'),('69e72a420100xwir','广场'),('69e72a420100xwir','柳絮同学'),('69e72a420100xwir','西安'),('69e72a420100ya17','柳絮同学'),('69e72a420100ya17','秦味'),('69e72a420100ya17','美食地图'),('69e72a420100ya17','西安'),('69e72a420100ya17','陕西'),('69e72a420100ymzd','回坊'),('69e72a420100ymzd','回民街'),('69e72a420100ymzd','柳絮同学'),('69e72a420100ymzd','美食'),('69e72a420100ymzd','西安'),('69e72a420100z3b1','台湾'),('69e72a420100z3b1','攻略'),('69e72a420100z3b1','柳絮同学'),('69e72a420100z3b1','游记'),('69e72a420100z3b1','自由行'),('69e72a420100z99n','台湾'),('69e72a420100z99n','攻略'),('69e72a420100z99n','柳絮同学'),('69e72a420100z99n','游记'),('69e72a420100z99n','自由行'),('69e72a420100zfdj','台湾'),('69e72a420100zfdj','攻略'),('69e72a420100zfdj','柳絮同学'),('69e72a420100zfdj','游记'),('69e72a420100zfdj','自由行'),('69e72a420100zjbl','gtr'),('69e72a420100zjbl','nissan'),('69e72a420100zjbl','piov2'),('69e72a420100zjbl','人性化'),('69e72a420100zjbl','创新'),('69e72a420100zjbl','日产'),('69e72a420100zjbl','柳絮同学'),('69e72a420100zjbl','概念车'),('69e72a420100zjbl','纯电动车'),('69e72a420100zjbl','聆风'),('69e72a420100zjbl','零排放'),('69e72a420100zjel','nissan'),('69e72a420100zjel','人性化'),('69e72a420100zjel','创新体验之旅'),('69e72a420100zjel','安全带'),('69e72a420100zjel','安全性'),('69e72a420100zjel','安全气囊'),('69e72a420100zjel','日产'),('69e72a420100zjel','柳絮同学'),('69e72a420100zjel','汽车'),('69e72a420100zl6x','台湾'),('69e72a420100zl6x','攻略'),('69e72a420100zl6x','柳絮同学'),('69e72a420100zl6x','游记'),('69e72a420100zl6x','自由行'),('69e72a420100znbl','南投'),('69e72a420100znbl','台湾'),('69e72a420100znbl','庐山'),('69e72a420100znbl','柳絮同学'),('69e72a420100znbl','温泉区'),('69e72a420100zvaf','台北'),('69e72a420100zvaf','台湾'),('69e72a420100zvaf','柳絮同学'),('69e72a420100zvaf','游记'),('69e72a420100zvaf','自助游'),('69e72a420100zvy5','台北'),('69e72a420100zvy5','台湾'),('69e72a420100zvy5','国宝'),('69e72a420100zvy5','故宫博物院'),('69e72a420100zvy5','柳絮同学'),('69e72a42010102bb','台北'),('69e72a42010102bb','台湾'),('69e72a42010102bb','最美八大海岸'),('69e72a42010102bb','柳絮同学'),('69e72a42010102bb','野柳地质公园'),('69e72a42010106ov','台北'),('69e72a42010106ov','台湾'),('69e72a42010106ov','士林夜市'),('69e72a42010106ov','柳絮同学'),('69e72a42010106ov','美食'),('69e72a4201010i2n','台北'),('69e72a4201010i2n','台湾'),('69e72a4201010i2n','攻略'),('69e72a4201010i2n','柳絮同学'),('69e72a4201010i2n','游记'),('69e72a4201010mgb','台北'),('69e72a4201010mgb','台湾'),('69e72a4201010mgb','柳絮同学'),('69e72a4201010mgb','淡水'),('69e72a4201010mgb','渔人码头'),('69e72a4201010yrz','gtr'),('69e72a4201010yrz','nismo'),('69e72a4201010yrz','nissan'),('69e72a4201010yrz','人性化'),('69e72a4201010yrz','创新体验之旅'),('69e72a4201010yrz','启辰'),('69e72a4201010yrz','日产'),('69e72a4201010yrz','柳絮同学'),('69e72a4201010yrz','汽车'),('69e72a4201010yto','nissan'),('69e72a4201010yto','人性化'),('69e72a4201010yto','保罗·范罗德'),('69e72a4201010yto','创新体验之旅'),('69e72a4201010yto','广州'),('69e72a4201010yto','日产'),('69e72a4201010yto','柳絮同学'),('69e72a4201010yto','解构艺术'),('69e72a42010113ms','广东'),('69e72a42010113ms','广州'),('69e72a42010113ms','柳絮同学'),('69e72a42010113ms','珠江新城'),('69e72a42010113ms','花城广场'),('69e72a420101160x','上下九游记'),('69e72a420101160x','上下九美食'),('69e72a420101160x','广州'),('69e72a420101160x','柳絮同学'),('69e72a420101160x','西关小吃'),('69e72a4201011g8b','万宁'),('69e72a4201011g8b','兴隆'),('69e72a4201011g8b','南中国海'),('69e72a4201011g8b','柳絮同学'),('69e72a4201011g8b','海南'),('69e72a4201011g8p','三亚'),('69e72a4201011g8p','冬日'),('69e72a4201011g8p','柳絮同学'),('69e72a4201011g8p','海南'),('69e72a4201011g8p','热带天堂'),('69e72a4201011ko3','三亚'),('69e72a4201011ko3','亚龙湾'),('69e72a4201011ko3','冬日'),('69e72a4201011ko3','柳絮同学'),('69e72a4201011ko3','海南'),('69e72a4201011n1i','三亚'),('69e72a4201011n1i','冬日'),('69e72a4201011n1i','天涯'),('69e72a4201011n1i','柳絮同学'),('69e72a4201011n1i','海南'),('69e72a4201011oot','三亚'),('69e72a4201011oot','攻略'),('69e72a4201011oot','柳絮同学'),('69e72a4201011oot','海南'),('69e72a4201011oot','热带水果'),('69e72a4201011s2i','三亚'),('69e72a4201011s2i','攻略'),('69e72a4201011s2i','柳絮同学'),('69e72a4201011s2i','海南'),('69e72a4201011s2i','游记'),('69e72a4201011trq','2月8日'),('69e72a4201011trq','80后水瓶'),('69e72a4201011trq','二字头'),('69e72a4201011trq','奔三'),('69e72a4201011trq','旅游'),('69e72a4201011trq','旅行梦'),('69e72a4201011trq','柳絮同学'),('69e72a4201011trq','正月十五'),('69e72a4201011trq','生日'),('69e72a4201011yui','攻略'),('69e72a4201011yui','柳絮同学'),('69e72a4201011yui','游记'),('69e72a4201011yui','澳门'),('69e72a4201011yui','美食'),('69e72a4201012af6','大三巴'),('69e72a4201012af6','攻略'),('69e72a4201012af6','柳絮同学'),('69e72a4201012af6','游记'),('69e72a4201012af6','澳门'),('69e72a4201012iz0','交通'),('69e72a4201012iz0','喷射飞航'),('69e72a4201012iz0','攻略'),('69e72a4201012iz0','游记'),('69e72a4201012iz0','澳门'),('69e72a4201012ylf','攻略'),('69e72a4201012ylf','柳絮同学'),('69e72a4201012ylf','游记'),('69e72a4201012ylf','真实'),('69e72a4201012ylf','香港'),('69e72a42010138xs','三日'),('69e72a42010138xs','游记'),('69e72a42010138xs','美食地图'),('69e72a42010138xs','美食攻略'),('69e72a42010138xs','香港'),('69e72a42010138yn','三日'),('69e72a42010138yn','游记'),('69e72a42010138yn','美食地图'),('69e72a42010138yn','美食攻略'),('69e72a42010138yn','香港'),('69e72a42010138yv','三日'),('69e72a42010138yv','美食地图'),('69e72a42010138yv','美食攻略'),('69e72a42010138yv','街边小吃'),('69e72a42010138yv','香港'),('69e72a4201014g47','下午茶'),('69e72a4201014g47','攻略'),('69e72a4201014g47','英式'),('69e72a4201014g47','香港'),('69e72a4201014g47','马可波罗'),('69e72a4201014prf','公立医院'),('69e72a4201014prf','医疗'),('69e72a4201014prf','广华医院'),('69e72a4201014prf','柳絮同学'),('69e72a4201014prf','香港'),('69e72a4201015fqf','东涌线'),('69e72a4201015fqf','昂坪360'),('69e72a4201015fqf','柳絮同学'),('69e72a4201015fqf','离岛'),('69e72a4201015fqf','香港'),('69e72a4201015fxw','东涌'),('69e72a4201015fxw','昂坪360'),('69e72a4201015fxw','柳絮同学'),('69e72a4201015fxw','离岛'),('69e72a4201015fxw','香港'),('69e72a4201015z1e','告士打道'),('69e72a4201015z1e','柳絮同学'),('69e72a4201015z1e','维多利亚公园'),('69e72a4201015z1e','铜锣湾'),('69e72a4201015z1e','香港'),('69e72a42010165iq','奶酪蛋糕'),('69e72a42010165iq','柳絮同学'),('69e72a42010165iq','烘焙'),('69e72a42010165iq','芝士蛋糕'),('69e72a42010165iq','重芝士'),('69e72a4201016fmj','小零嘴'),('69e72a4201016fmj','无糖'),('69e72a4201016fmj','柳絮同学'),('69e72a4201016fmj','饼干'),('69e72a4201016fmj','高纤低脂'),('69e72a4201016nbg','厦门'),('69e72a4201016nbg','地图'),('69e72a4201016nbg','小吃'),('69e72a4201016nbg','柳絮同学'),('69e72a4201016nbg','美食'),('69e72a4201016omi','厦门'),('69e72a4201016omi','攻略'),('69e72a4201016omi','游记'),('69e72a4201016omi','玩法路线'),('69e72a4201016omi','鼓浪屿'),('69e72a4201016tw0','厦门'),('69e72a4201016tw0','大排档'),('69e72a4201016tw0','柳絮同学'),('69e72a4201016tw0','海鲜'),('69e72a4201016tw0','美食'),('69e72a4201017ppf','准妈妈'),('69e72a4201017ppf','孕期感受'),('69e72a4201017ppf','孕照'),('69e72a4201017ppf','怀孕笔记'),('69e72a4201017ppf','甜蜜的负担'),('69e72a4201017tik','产后恢复'),('69e72a4201017tik','月子日记'),('69e72a4201017tik','生产日记'),('69e72a4201017tik','育儿'),('69e72a4201017tik','顺转剖'),('69e72a4201019mel','免烤'),('69e72a4201019mel','方子'),('69e72a4201019mel','柳絮同学'),('69e72a4201019mel','芒果慕斯'),('69e72a4201019mel','芒果芝士蛋糕'),('69e72a4201019pa8','厦门'),('69e72a4201019pa8','柳絮同学'),('69e72a4201019pa8','浪漫'),('69e72a4201019pa8','游记'),('69e72a4201019pa8','铁路文化公园'),('69e72a4201019rgf','南北面食差异'),('69e72a4201019rgf','柳絮同学'),('69e72a4201019rgf','私房牛肉面'),('69e72a4201019rgf','美食'),('69e72a4201019rgf','面食'),('69e72a420101ak0v','做法'),('69e72a420101ak0v','戚风蛋糕'),('69e72a420101ak0v','方子'),('69e72a420101ak0v','柳絮同学'),('69e72a420101ak0v','玫瑰蛋糕'),('69e72a420101aplq','厦门'),('69e72a420101aplq','台湾免税公园'),('69e72a420101aplq','周边游'),('69e72a420101aplq','大嶝小镇'),('69e72a420101aplq','柳絮同学'),('69e72a420101axz1','厦门'),('69e72a420101axz1','家庭旅馆'),('69e72a420101axz1','文艺青年'),('69e72a420101axz1','曾厝垵'),('69e72a420101axz1','柳絮同学'),('69e72a420101b12c','又一岁'),('69e72a420101b12c','奔三'),('69e72a420101b12c','新手妈妈'),('69e72a420101b12c','柳絮同学'),('69e72a420101b12c','生日'),('69e72a420101b760','古厝'),('69e72a420101b760','年味儿'),('69e72a420101b760','清新福建年'),('69e72a420101b760','炸枣'),('69e72a420101b760','闽南'),('69e72a420101berb','南靖土楼'),('69e72a420101berb','厦门周边自驾游'),('69e72a420101berb','永定土楼'),('69e72a420101berb','游记攻略'),('69e72a420101berb','自驾游'),('69e72a420101bl9b','产假旅行'),('69e72a420101bl9b','家庭旅行'),('69e72a420101bl9b','带宝宝旅行'),('69e72a420101bl9b','注意事项'),('69e72a420101bl9b','贴士'),('69e72a420101cpvy','台湾'),('69e72a420101cpvy','垦丁'),('69e72a420101cpvy','攻略'),('69e72a420101cpvy','游记'),('69e72a420101cpvy','自由行'),('69e72a420101csj8','台湾自由行'),('69e72a420101csj8','垦丁'),('69e72a420101csj8','游记'),('69e72a420101csj8','美食攻略'),('69e72a420101csj8','路书'),('69e72a420101cvdx','台湾'),('69e72a420101cvdx','垦丁海生馆'),('69e72a420101cvdx','攻略'),('69e72a420101cvdx','游记'),('69e72a420101cvdx','自由行'),('69e72a420101d2w9','九份民宿'),('69e72a420101d2w9','台湾民宿'),('69e72a420101d2w9','垦丁民宿'),('69e72a420101d2w9','攻略'),('69e72a420101d2w9','游记'),('69e72a420101d4ox','周日夜市'),('69e72a420101d4ox','在地风味'),('69e72a420101d4ox','垦丁夜市'),('69e72a420101d4ox','恒春夜市'),('69e72a420101d4ox','恒春老街'),('69e72a420101de1k','九份'),('69e72a420101de1k','台湾自由行'),('69e72a420101de1k','攻略'),('69e72a420101de1k','游记'),('69e72a420101de1k','路书'),('69e72a420101dkq9','奶牛妈妈'),('69e72a420101dkq9','新手妈妈'),('69e72a420101dkq9','柳絮同学'),('69e72a420101dkq9','洗脸'),('69e72a420101dkq9','育儿经'),('69e72a420101dljg','九份'),('69e72a420101dljg','台湾'),('69e72a420101dljg','新北'),('69e72a420101dljg','游记'),('69e72a420101dljg','自助游'),('69e72a420101e6ho','台北'),('69e72a420101e6ho','台湾自由行'),('69e72a420101e6ho','师大夜市'),('69e72a420101e6ho','游记'),('69e72a420101e6ho','美食'),('69e72a420101e9n0','台北'),('69e72a420101e9n0','台湾自由行'),('69e72a420101e9n0','海芋'),('69e72a420101e9n0','竹子湖'),('69e72a420101e9n0','阳明山'),('69e72a420101flbk','柳絮同学'),('69e72a420101flbk','步骤'),('69e72a420101flbk','每天心中开出一朵花'),('69e72a420101flbk','编发'),('69e72a420101flbk','西瓜辫'),('69e72a420101fm6i','台湾'),('69e72a420101fm6i','台湾路书'),('69e72a420101fm6i','省钱攻略'),('69e72a420101fm6i','自由行'),('69e72a420101fm6i','达人揪团带路'),('69e72a420101fmhy','台湾自由行'),('69e72a420101fmhy','后壁湖'),('69e72a420101fmhy','垦丁'),('69e72a420101fmhy','游记'),('69e72a420101fmhy','达人揪团带路'),('69e72a420101fmyh','万峦猪脚'),('69e72a420101fmyh','台湾自由行'),('69e72a420101fmyh','攻略'),('69e72a420101fmyh','美食'),('69e72a420101fmyh','达人揪团带路'),('69e72a420101fnsp','台湾游记'),('69e72a420101fnsp','台湾自由行'),('69e72a420101fnsp','台湾路书'),('69e72a420101fnsp','攻略'),('69e72a420101fnsp','旗津'),('69e72a420101fovu','台湾攻略'),('69e72a420101fovu','台湾游记'),('69e72a420101fovu','台湾美食'),('69e72a420101fovu','台湾自由行'),('69e72a420101fovu','台湾路书'),('69e72a420101fs73','台湾攻略'),('69e72a420101fs73','台湾游记'),('69e72a420101fs73','台湾自由行'),('69e72a420101fs73','台湾路书'),('69e72a420101fs73','鹿港小镇'),('69e72a420101fuz4','台湾自由行'),('69e72a420101fuz4','台湾路书'),('69e72a420101fuz4','清境攻略'),('69e72a420101fuz4','清境民宿'),('69e72a420101fuz4','游记'),('69e72a420101fwlq','台北'),('69e72a420101fwlq','攻略'),('69e72a420101fwlq','永康街'),('69e72a420101fwlq','游记'),('69e72a420101fwlq','自由行'),('69e72a420101fzm4','台湾个人游'),('69e72a420101fzm4','台湾自由行'),('69e72a420101fzm4','攻略'),('69e72a420101fzm4','民宿'),('69e72a420101fzm4','青旅'),('69e72a420101g31t','wtaipei'),('69e72a420101g31t','台北自由行'),('69e72a420101g31t','台式下午茶'),('69e72a420101g31t','台式甜点'),('69e72a420101g31t','旅游'),('69e72a420101gcjs','台北'),('69e72a420101gcjs','台湾自由行'),('69e72a420101gcjs','美食地图'),('69e72a420101gcjs','自助游攻略'),('69e72a420101gcjs','西门町'),('69e72a420101gcva','台北美食地图'),('69e72a420101gcva','台湾自由行'),('69e72a420101gcva','味道台北'),('69e72a420101gcva','自助游攻略'),('69e72a420101gcva','自由行路书'),('69e72a420101gend','台北美食地图'),('69e72a420101gend','台湾自由行'),('69e72a420101gend','游记'),('69e72a420101gend','自助游攻略'),('69e72a420101gend','饶河街夜市'),('69e72a420101gg7f','台北三日游'),('69e72a420101gg7f','台北捷运'),('69e72a420101gg7f','台湾自助游攻略'),('69e72a420101gg7f','攻略'),('69e72a420101gg7f','游记'),('69e72a420101gjx4','台北'),('69e72a420101gjx4','台湾自助游攻略'),('69e72a420101gjx4','小美好'),('69e72a420101gjx4','慢游'),('69e72a420101gjx4','游记'),('69e72a420101gkp5','台湾游感受'),('69e72a420101gkp5','台湾自由行'),('69e72a420101gkp5','游记'),('69e72a420101gkp5','美食组带队达人'),('69e72a420101gkp5','达人揪团带路'),('69e72a420101gtp3','同里'),('69e72a420101gtp3','性文化博物馆'),('69e72a420101gtp3','攻略'),('69e72a420101gtp3','游记'),('69e72a420101gtp3','苏州'),('69e72a420101guyi','同里古镇'),('69e72a420101guyi','太湖蟹'),('69e72a420101guyi','游记'),('69e72a420101guyi','苏州吴江'),('69e72a420101guyi','袜底酥'),('69e72a420101gvec','同里古镇'),('69e72a420101gvec','攻略'),('69e72a420101gvec','游记'),('69e72a420101gvec','穿心弄'),('69e72a420101gvec','苏州吴江'),('69e72a420101gxjh','亲子'),('69e72a420101gxjh','墨尔本'),('69e72a420101gxjh','大堡礁'),('69e72a420101gxjh','游记攻略'),('69e72a420101gxjh','澳洲自由行'),('69e72a420101h1es','台湾自由行'),('69e72a420101h1es','旅行成瘾'),('69e72a420101h1es','旅行的意义'),('69e72a420101h1es','柳絮同学'),('69e72a420101h1es','达人揪团带路'),('69e72a420101h3q6','帕奎奥'),('69e72a420101h3q6','拳击赛现场'),('69e72a420101h3q6','里奥斯'),('69e72a420101h3q6','金光决战'),('69e72a420101h3q6','金光综艺馆'),('69e72a420101h5yi','0-1岁育儿笔记'),('69e72a420101h5yi','写在宝宝一岁'),('69e72a420101h5yi','宝宝成长笔记'),('69e72a420101h5yi','柳絮同学小宝石'),('69e72a420101h5yi','育儿经分享'),('69e72a420101h7jg','亚洲最大室内冰雕'),('69e72a420101h7jg','冬日金光大道'),('69e72a420101h7jg','幻影季节'),('69e72a420101h7jg','梦工厂冰雕'),('69e72a420101h7jg','澳门游记'),('69e72a420101h7wl','威尼斯人'),('69e72a420101h7wl','澳门游记'),('69e72a420101h7wl','美食'),('69e72a420101h7wl','购物攻略'),('69e72a420101h7wl','金光大道度假区'),('69e72a420101ha3e','2月8日'),('69e72a420101ha3e','三十二岁'),('69e72a420101ha3e','生日感言'),('69e72a420101ha3e','生日趴'),('69e72a420101ha3e','祝我生日快乐'),('69e72a420101hdwl','witssundays'),('69e72a420101hdwl','圣灵群岛攻略'),('69e72a420101hdwl','大堡礁游记攻略'),('69e72a420101hdwl','汉密尔顿岛'),('69e72a420101hdwl','澳大利亚自助游'),('69e72a420101hgau','圣灵群岛'),('69e72a420101hgau','大堡礁自助游攻略'),('69e72a420101hgau','汉密尔顿岛'),('69e72a420101hgau','游记'),('69e72a420101hgau','澳大利亚自助游'),('69e72a420101hh3i','大堡礁水飞'),('69e72a420101hh3i','大堡礁游记'),('69e72a420101hh3i','大堡礁选岛'),('69e72a420101hh3i','心形礁'),('69e72a420101hh3i','水上飞机攻略'),('69e72a420101hnd7','价格'),('69e72a420101hnd7','外堡礁潜水'),('69e72a420101hnd7','大堡礁潜水'),('69e72a420101hnd7','大堡礁自助游'),('69e72a420101hnd7','攻略'),('69e72a420101hymt','倒数派对'),('69e72a420101hymt','圣淘沙跨年'),('69e72a420101hymt','新加坡'),('69e72a420101hymt','西乐索海滩'),('69e72a420101hymt','跨年'),('69e72a420101i0s6','化妆品推荐'),('69e72a420101i0s6','柳絮同学'),('69e72a420101i0s6','香港攻略'),('69e72a420101i0s6','香港特产手信'),('69e72a420101i0s6','香港美食攻略'),('69e72a420101i2r0','圣淘沙'),('69e72a420101i2r0','攻略'),('69e72a420101i2r0','新加坡自助游'),('69e72a420101i2r0','新加坡自由行'),('69e72a420101i2r0','游记'),('69e72a420101i5hh','孩子的幻想世界'),('69e72a420101i5hh','感悟童年'),('69e72a420101i5hh','游记'),('69e72a420101i5hh','童心未泯'),('69e72a420101i5hh','香港迪士尼'),('69e72a420101i7jc','fastpass'),('69e72a420101i7jc','免排队卡'),('69e72a420101i7jc','迪士尼攻略'),('69e72a420101i7jc','迪士尼酒店'),('69e72a420101i7jc','香港二日游'),('69e72a420101i93i','好莱坞酒店'),('69e72a420101i93i','游记'),('69e72a420101i93i','美食'),('69e72a420101i93i','迪士尼'),('69e72a420101i93i','餐厅攻略'),('69e72a420101i9c0','chinatown'),('69e72a420101i9c0','唐人街'),('69e72a420101i9c0','新加坡游记'),('69e72a420101i9c0','车牛水'),('69e72a420101i9c0','辣椒螃蟹'),('69e72a420101i9uz','segway'),('69e72a420101i9uz','冲浪'),('69e72a420101i9uz','圣淘沙攻略'),('69e72a420101i9uz','新加坡'),('69e72a420101i9uz','跨年行程'),('69e72a420101ilqb','夜间动物园'),('69e72a420101ilqb','攻略'),('69e72a420101ilqb','新加坡动物园'),('69e72a420101ilqb','柳絮同学'),('69e72a420101ilqb','游记'),('69e72a420101iqu4','亚马逊漂流'),('69e72a420101iqu4','新加坡亲子游攻略'),('69e72a420101iqu4','新加坡自助游游记'),('69e72a420101iqu4','旅游'),('69e72a420101iqu4','河川动物园'),('69e72a420101iszp','南澳'),('69e72a420101iszp','攻略'),('69e72a420101iszp','澳大利亚自助游'),('69e72a420101iszp','自助游'),('69e72a420101iszp','阿德莱德'),('69e72a420101izje','企鹅岛'),('69e72a420101izje','墨尔本周边游'),('69e72a420101izje','澳大利亚自助游'),('69e72a420101izje','澳洲自驾攻略'),('69e72a420101izje','菲利普岛'),('69e72a420101j2cf','一日游'),('69e72a420101j2cf','丹顿农山'),('69e72a420101j2cf','墨尔本'),('69e72a420101j2cf','游记攻略'),('69e72a420101j2cf','蒸汽小火车'),('69e72a420101jjqy','北极光'),('69e72a420101jjqy','午夜阳光'),('69e72a420101jjqy','芬兰游记'),('69e72a420101jjqy','芬兰自助游攻略'),('69e72a420101jjqy','赫尔辛基'),('69e72a420101jkj1','准备材料'),('69e72a420101jkj1','美国签证'),('69e72a420101jkj1','美国面签'),('69e72a420101jkj1','美国驻广州大使馆'),('69e72a420101jkj1','面签过程纪实'),('69e72a420101jp61','攻略'),('69e72a420101jp61','游记'),('69e72a420101jp61','美东自驾'),('69e72a420101jp61','美国租车指南'),('69e72a420101jp61','美国自驾'),('69e72a420101jsy2','中央车站'),('69e72a420101jsy2','柳絮同学'),('69e72a420101jsy2','游记攻略'),('69e72a420101jsy2','纽约自助游'),('69e72a420101jsy2','自由女神'),('69e72a420101jzm7','游记攻略'),('69e72a420101jzm7','炮台公园码头'),('69e72a420101jzm7','纽约一日游'),('69e72a420101jzm7','纽约游记'),('69e72a420101jzm7','自由女神'),('69e72a420101k1kd','曼哈顿全景'),('69e72a420101k1kd','游记'),('69e72a420101k1kd','纽约直升机'),('69e72a420101k1kd','自由岛'),('69e72a420101k1kd','鸟瞰纽约'),('69e72a420101k53m','metropolitanmuseumof'),('69e72a420101k53m','大都会博物馆'),('69e72a420101k53m','纽约游记'),('69e72a420101k53m','纽约美食推荐'),('69e72a420101k53m','门票任捐'),('69e72a420101k9yw','柳絮同学'),('69e72a420101k9yw','纽约知名餐厅'),('69e72a420101k9yw','纽约美食攻略'),('69e72a420101k9yw','纽约餐厅推荐'),('69e72a420101k9yw','美式早午餐'),('69e72a420101kesh','尼亚加拉大瀑布'),('69e72a420101kesh','布法罗鸡翅'),('69e72a420101kesh','美东自驾'),('69e72a420101kesh','美国自驾游'),('69e72a420101kesh','自助游'),('69e72a420101kevm','outlets'),('69e72a420101kevm','伍德伯里'),('69e72a420101kevm','柳絮同学'),('69e72a420101kevm','纽约自驾华盛顿'),('69e72a420101kevm','美国自驾游'),('69e72a420101klh7','华盛顿一日游'),('69e72a420101klh7','柳絮同学'),('69e72a420101klh7','游记'),('69e72a420101klh7','美国国家自然历史博物'),('69e72a420101klh7','美国自驾游'),('69e72a420101kq95','华盛顿一日游'),('69e72a420101kq95','柳絮同学'),('69e72a420101kq95','游记'),('69e72a420101kq95','美国国家自然历史博物'),('69e72a420101kq95','美国自驾游'),('69e72a420101kt84','上海小红楼'),('69e72a420101kt84','免烤'),('69e72a420101kt84','芝士酸奶蛋糕'),('69e72a420101kt84','酸奶冻'),('69e72a420101kt84','酸奶巴菲'),('69e72a420101kt9b','riodejaneiro'),('69e72a420101kt9b','巴西攻略'),('69e72a420101kt9b','巴西游记'),('69e72a420101kt9b','柳絮同学'),('69e72a420101kt9b','里约大冒险'),('69e72a420101kvba','尼亚加拉大瀑布'),('69e72a420101kvba','旅游攻略'),('69e72a420101kvba','柳絮同学'),('69e72a420101kvba','美东自驾'),('69e72a420101kvba','美国游记'),('69e72a420102uzo2','南航广州奥克兰'),('69e72a420102uzo2','攻略'),('69e72a420102uzo2','新西兰'),('69e72a420102uzo2','旅游'),('69e72a420102uzo2','波音787'),('69e72a420102uzok','广州直飞奥克兰'),('69e72a420102uzok','新西兰十日游攻略'),('69e72a420102uzok','新西兰自助游'),('69e72a420102uzok','游记'),('69e72a420102uzok','闺蜜新西兰之旅'),('69e72a420102uzt8','waitomo'),('69e72a420102uzt8','两日游攻略'),('69e72a420102uzt8','奥克兰周边游'),('69e72a420102uzt8','怀托摩萤火虫洞'),('69e72a420102uzt8','游记'),('69e72a420102v029','地热城'),('69e72a420102v029','毛利村'),('69e72a420102v029','游记'),('69e72a420102v029','罗托鲁阿'),('69e72a420102v029','自助游攻略'),('69e72a420102v04i','新西兰皇后镇'),('69e72a420102v04i','柳絮同学'),('69e72a420102v04i','海鲜餐厅'),('69e72a420102v04i','美食推荐'),('69e72a420102v04i','美食攻略'),('69e72a420102v0bq','奥克兰两日游'),('69e72a420102v0bq','攻略'),('69e72a420102v0bq','游记'),('69e72a420102v0bq','牧场'),('69e72a420102v0bq','阿格顿'),('69e72a420102v0m1','地热城'),('69e72a420102v0m1','新西兰自助游记'),('69e72a420102v0m1','柳絮同学'),('69e72a420102v0m1','罗托鲁阿'),('69e72a420102v0m1','自助游攻略'),('69e72a420102v0z1','一万五千英尺'),('69e72a420102v0z1','全纪录'),('69e72a420102v0z1','双人高空跳伞'),('69e72a420102v0z1','新西兰南岛游记'),('69e72a420102v0z1','皇后镇极限运动'),('69e72a420102v17r','新西兰南岛'),('69e72a420102v17r','柳絮同学'),('69e72a420102v17r','游记'),('69e72a420102v17r','皇后镇住宿美食攻略'),('69e72a420102v17r','皇后镇自助游'),('69e72a420102v1gp','jetboat'),('69e72a420102v1gp','攻略'),('69e72a420102v1gp','新西兰皇后镇游记'),('69e72a420102v1gp','柳絮同学'),('69e72a420102v1gp','达特河'),('69e72a420102v1li','天空塔'),('69e72a420102v1li','奥克兰自助游记'),('69e72a420102v1li','攻略'),('69e72a420102v1li','新西兰'),('69e72a420102v1li','柳絮同学'),('69e72a420102v1qa','吉隆坡双子塔'),('69e72a420102v1qa','旅行遇见另一个自己'),('69e72a420102v1qa','柳絮同学'),('69e72a420102v1qa','游记攻略'),('69e72a420102v1qa','马来西亚游记'),('69e72a420102v1r4','奥克兰购物攻略'),('69e72a420102v1r4','新西兰特产'),('69e72a420102v1r4','新西兰自助游'),('69e72a420102v1r4','柳絮同学'),('69e72a420102v1r4','购物攻略'),('69e72a420102v21w','云顶自助游'),('69e72a420102v21w','旅行遇见另一个自己'),('69e72a420102v21w','柳絮同学'),('69e72a420102v21w','阿娃娜森林'),('69e72a420102v21w','马来西亚云顶世界'),('69e72a420102v27c','兰卡威游记攻略'),('69e72a420102v27c','旅行遇见另一个自己'),('69e72a420102v27c','柳絮同学'),('69e72a420102v27c','游艇出海攻略'),('69e72a420102v27c','马来西亚兰卡威'),('69e72a420102v41z','兰卡威游记攻略'),('69e72a420102v41z','兰卡威潜水'),('69e72a420102v41z','旅行遇见另一个自己'),('69e72a420102v41z','柳絮同学'),('69e72a420102v41z','马来西亚游记'),('69e72a420102v422','剧组花絮'),('69e72a420102v422','微电影'),('69e72a420102v422','旅行微记录短片'),('69e72a420102v422','旅行遇见另一个自己'),('69e72a420102v422','柳絮同学'),('69e72a420102v4j2','旧金山'),('69e72a420102v4j2','柳絮同学'),('69e72a420102v4j2','洛杉矶'),('69e72a420102v4j2','美国自驾攻略'),('69e72a420102v4j2','美西一号公路'),('69e72a420102v4w4','巴西自助游游记'),('69e72a420102v4w4','攻略'),('69e72a420102v4w4','柳絮同学'),('69e72a420102v4w4','里约大冒险'),('69e72a420102v4w4','里约热内卢游记'),('69e72a420102v4wx','塞隆阶梯'),('69e72a420102v4wx','巴西游记攻略'),('69e72a420102v4wx','柳絮同学'),('69e72a420102v4wx','里约大冒险'),('69e72a420102v4wx','里约平民窟'),('69e72a420102v51w','巴西游记攻略'),('69e72a420102v51w','柳絮同学'),('69e72a420102v51w','游记'),('69e72a420102v51w','里约基督山'),('69e72a420102v51w','里约大冒险'),('69e72a420102v5f1','巴西游记攻略'),('69e72a420102v5f1','柳絮同学'),('69e72a420102v5f1','游记'),('69e72a420102v5f1','科巴卡巴纳海滩'),('69e72a420102v5f1','里约大冒险'),('69e72a420102v6lm','厦门南湖公园'),('69e72a420102v6lm','口袋车'),('69e72a420102v6lm','在自己的城市旅行'),('69e72a420102v6lm','小宝石成长记'),('69e72a420102v6lm','柳絮同学'),('69e72a420102v73d','巴西游记攻略'),('69e72a420102v73d','柳絮同学'),('69e72a420102v73d','甜面包山'),('69e72a420102v73d','自助游记'),('69e72a420102v73d','里约大冒险'),('69e72a420102v82x','巴西游记攻略'),('69e72a420102v82x','巴西烤肉'),('69e72a420102v82x','柳絮同学'),('69e72a420102v82x','美食指南'),('69e72a420102v82x','里约大冒险'),('69e72a420102v83b','勾拍美国'),('69e72a420102v83b','华盛顿游记'),('69e72a420102v83b','柳絮同学'),('69e72a420102v83b','美国国家旅游局'),('69e72a420102v83b','美国游记攻略'),('69e72a420102v92i','新加坡游记'),('69e72a420102v92i','柳絮同学'),('69e72a420102v92i','滨海湾花园'),('69e72a420102v92i','自助游记攻略'),('69e72a420102v92i','金沙无边泳池'),('69e72a420102v953','名人餐厅'),('69e72a420102v953','新加坡美食攻略'),('69e72a420102v953','柳絮同学'),('69e72a420102v953','滨海湾金沙美食攻略'),('69e72a420102v953','米其林餐厅'),('69e72a420102v95l','克拉码头'),('69e72a420102v95l','夜游新加坡'),('69e72a420102v95l','新加坡河'),('69e72a420102v95l','新加坡游记攻略'),('69e72a420102v95l','柳絮同学'),('69e72a420102vbop','攻略'),('69e72a420102vbop','日本'),('69e72a420102vbop','游记'),('69e72a420102vbop','自由行'),('69e72a420102vbop','霓虹国'),('69e72a420102vbsl','巴西自由行'),('69e72a420102vbsl','攻略'),('69e72a420102vbsl','柳絮同学'),('69e72a420102vbsl','游记'),('69e72a420102vbsl','里约'),('69e72a420102vcby','大阪一日游'),('69e72a420102vcby','大阪自由行'),('69e72a420102vcby','日本传统市场'),('69e72a420102vcby','柳絮同学'),('69e72a420102vcby','游记攻略'),('69e72a420102vcva','不一样的纽约'),('69e72a420102vcva','柳絮同学'),('69e72a420102vcva','游记'),('69e72a420102vcva','纽约微视角'),('69e72a420102vcva','美国自由行'),('69e72a420102vd5h','攻略'),('69e72a420102vd5h','日本亲子游'),('69e72a420102vd5h','日本自助游'),('69e72a420102vd5h','柳絮同学'),('69e72a420102vd5h','游记'),('69e72a420102vd7a','大阪亲子游记'),('69e72a420102vd7a','大阪美食攻略'),('69e72a420102vd7a','日本特色美食街'),('69e72a420102vd7a','日本自由行'),('69e72a420102vd7a','柳絮同学'),('69e72a420102vdmh','哈利波特城堡'),('69e72a420102vdmh','哈利波特魔法世界攻略'),('69e72a420102vdmh','大阪亲子游记'),('69e72a420102vdmh','日本自由行'),('69e72a420102vdmh','柳絮同学'),('69e72a420102vdmt','大阪商圈'),('69e72a420102vdmt','大阪特色美食街'),('69e72a420102vdmt','大阪购物攻略'),('69e72a420102vdmt','日本自由行游记'),('69e72a420102vdmt','柳絮同学'),('69e72a420102vdpt','一泊二食'),('69e72a420102vdpt','京都住宿'),('69e72a420102vdpt','京都民宿'),('69e72a420102vdpt','日本自由行游记'),('69e72a420102vdpt','柳絮同学'),('69e72a420102vdsn','不一样的饺子'),('69e72a420102vdsn','制作步骤'),('69e72a420102vdsn','方子'),('69e72a420102vdsn','柳絮同学'),('69e72a420102vdsn','花式水饺做法'),('69e72a420102vdsz','三亚海鲜推荐'),('69e72a420102vdsz','三亚美食攻略'),('69e72a420102vdsz','三亚自助游'),('69e72a420102vdsz','柳絮同学'),('69e72a420102vdsz','游记'),('69e72a420102ve53','京都自助游'),('69e72a420102ve53','和服变装'),('69e72a420102ve53','日本自助游'),('69e72a420102ve53','柳絮同学'),('69e72a420102ve53','租和服'),('69e72a420102veb9','一日游'),('69e72a420102veb9','三十三间堂'),('69e72a420102veb9','京都游记'),('69e72a420102veb9','柳絮同学'),('69e72a420102veb9','清水寺'),('69e72a420102vecq','京都自助游'),('69e72a420102vecq','亲子游'),('69e72a420102vecq','日本自由行'),('69e72a420102vecq','柳絮同学'),('69e72a420102vecq','游记攻略'),('69e72a420102vemz','常见问题'),('69e72a420102vemz','攻略'),('69e72a420102vemz','柳絮同学'),('69e72a420102vemz','美国自驾游'),('69e72a420102vemz','自助加油'),('69e72a420102vg09','京都自助游'),('69e72a420102vg09','别样日本'),('69e72a420102vg09','日本自由行'),('69e72a420102vg09','柳絮同学'),('69e72a420102vg09','游记攻略'),('69e72a420102vhdp','上班族早餐'),('69e72a420102vhdp','低脂早餐'),('69e72a420102vhdp','做法'),('69e72a420102vhdp','十分钟早餐'),('69e72a420102vhdp','核桃花样'),('69e72a420102vhmu','一日游'),('69e72a420102vhmu','疯马秀'),('69e72a420102vhmu','美食'),('69e72a420102vhmu','韩国自助游'),('69e72a420102vhmu','首尔旅行'),('69e72a420102vho0','游记'),('69e72a420102vho0','纽约'),('69e72a420102vho0','美国攻略'),('69e72a420102vho0','美国自由行'),('69e72a420102vho0','美食攻略'),('69e72a420102vhzj','丸子地球'),('69e72a420102vhzj','攻略'),('69e72a420102vhzj','柳絮同学'),('69e72a420102vhzj','漫游宝wifi'),('69e72a420102vhzj','西班牙自助游记'),('69e72a420102vj3h','彝山兰若'),('69e72a420102vj3h','武夷山的茶'),('69e72a420102vj3h','民宿推荐'),('69e72a420102vj3h','福建武夷山'),('69e72a420102vj3h','自助游记'),('69e72a420102vjun','杂谈'),('69e72a420102vjun','柳絮同学'),('69e72a420102vjun','游记攻略'),('69e72a420102vjun','西班牙特色'),('69e72a420102vjun','马德里圣周'),('69e72a420102vjxk','柳絮同学'),('69e72a420102vjxk','现场感受'),('69e72a420102vjxk','皇家马德里'),('69e72a420102vjxk','西班牙看球攻略'),('69e72a420102vjxk','西甲'),('69e72a420102vjzm','托莱多'),('69e72a420102vjzm','柳絮同学'),('69e72a420102vjzm','美食'),('69e72a420102vjzm','西班牙自助游'),('69e72a420102vjzm','马德里游记攻略'),('69e72a420102vkac','塞维利亚'),('69e72a420102vkac','柳絮同学'),('69e72a420102vkac','游记攻略'),('69e72a420102vkac','美食'),('69e72a420102vkac','西班牙自助游'),('69e72a420102vkds','中环美食'),('69e72a420102vkds','中环荔园'),('69e72a420102vkds','柳絮同学'),('69e72a420102vkds','荔园重新开业'),('69e72a420102vkds','香港自助游'),('69e72a420102vkky','塞维利亚'),('69e72a420102vkky','弗拉明戈表演'),('69e72a420102vkky','柳絮同学'),('69e72a420102vkky','游记攻略'),('69e72a420102vkky','西班牙自助游'),('69e72a420102vknn','好歌推荐'),('69e72a420102vknn','旅行感悟'),('69e72a420102vknn','旅行音乐'),('69e72a420102vknn','柳絮同学'),('69e72a420102vknn','耳机评测'),('69e72a420102vr90','传统市场'),('69e72a420102vr90','自助游游记'),('69e72a420102vr90','购物攻略'),('69e72a420102vr90','韩国'),('69e72a420102vr90','首尔'),('69e72a420102vrac','济州岛'),('69e72a420102vrac','济州岛攻略'),('69e72a420102vrac','自助游游记'),('69e72a420102vrac','购物攻略'),('69e72a420102vrac','韩国'),('69e72a420102vrbl','汗蒸幕'),('69e72a420102vrbl','汗蒸馆'),('69e72a420102vrbl','游记'),('69e72a420102vrbl','韩国'),('69e72a420102vrbl','首尔自助游'),('69e72a420102vrdu','中文海水浴场'),('69e72a420102vrdu','济州美食'),('69e72a420102vrdu','济州黑猪烤肉'),('69e72a420102vrdu','石头爷爷'),('69e72a420102vrdu','韩国'),('69e72a420102vshy','杂谈'),('69e72a420102vxvj','攻略'),('69e72a420102vxvj','沙漠'),('69e72a420102vxvj','游记'),('69e72a420102vxvj','迪拜'),('69e72a420102vxvj','阿拉伯风情'),('69e72a420102vxy4','亚特兰蒂斯海豚湾'),('69e72a420102vxy4','攻略'),('69e72a420102vxy4','自助游'),('69e72a420102vxy4','迪拜'),('69e72a420102vxy4','阿拉伯风情'),('69e72a420102vy13','攻略'),('69e72a420102vy13','沙漠'),('69e72a420102vy13','自助游记'),('69e72a420102vy13','迪拜'),('69e72a420102vy13','阿拉伯风情'),('69e72a420102vy1k','自助游攻略'),('69e72a420102vy1k','购物'),('69e72a420102vy1k','迪拜'),('69e72a420102vy1k','阿拉伯风情'),('69e72a420102vy1k','黄金市场'),('69e72a420102vyfr','人气餐厅'),('69e72a420102vyfr','美食推荐'),('69e72a420102vyfr','香港圣诞'),('69e72a420102vyfr','香港美食'),('69e72a420102vyfr','香港自助游'),('69e72a420102vzo3','亲子游'),('69e72a420102vzo3','攻略'),('69e72a420102vzo3','日本九州'),('69e72a420102vzo3','游记'),('69e72a420102vzo3','长崎县'),('69e72a420102vzpv','亲子游'),('69e72a420102vzpv','攻略'),('69e72a420102vzpv','日本九州'),('69e72a420102vzpv','游记'),('69e72a420102vzpv','长崎县'),('69e72a420102vzxe','亲子游'),('69e72a420102vzxe','攻略'),('69e72a420102vzxe','日本九州'),('69e72a420102vzxe','游记'),('69e72a420102vzxe','长崎县'),('69e72a420102vzxz','亲子游'),('69e72a420102vzxz','攻略'),('69e72a420102vzxz','日本九州'),('69e72a420102vzxz','游记'),('69e72a420102vzxz','长崎县'),('69e72a420102vzye','亲子游'),('69e72a420102vzye','攻略'),('69e72a420102vzye','日本九州'),('69e72a420102vzye','游记'),('69e72a420102vzye','长崎县'),('69e72a420102vzyh','亲子游'),('69e72a420102vzyh','攻略'),('69e72a420102vzyh','日本九州'),('69e72a420102vzyh','游记'),('69e72a420102vzyh','长崎县'),('69e72a420102w0jw','单车游'),('69e72a420102w0jw','安纳塔拉度假会'),('69e72a420102w0jw','普吉岛'),('69e72a420102w0jw','柳絮同学'),('69e72a420102w0jw','泰国'),('69e72a420102w0ki','安纳塔拉度假会'),('69e72a420102w0ki','普吉岛'),('69e72a420102w0ki','柳絮同学'),('69e72a420102w0ki','泰国'),('69e72a420102w0ki','泰餐课程'),('69e72a420102w0tg','安纳塔拉度假会'),('69e72a420102w0tg','普吉岛'),('69e72a420102w0tg','柳絮同学'),('69e72a420102w0tg','泰国自助游攻略'),('69e72a420102w0tg','游记'),('69e72a420102w9nm','solo小铺'),('69e72a420102w9nm','柳絮同学'),('69e72a420102w9nm','迷你酒店'),('69e72a420102w9nm','香港特色小店'),('69e72a420102w9nm','香港自由行');
/*!40000 ALTER TABLE `article_tag` ENABLE KEYS */;
UNLOCK TABLES;

--
-- Table structure for table `class_list`
--

DROP TABLE IF EXISTS `class_list`;
/*!40101 SET @saved_cs_client     = @@character_set_client */;
/*!40101 SET character_set_client = utf8 */;
CREATE TABLE `class_list` (
  `id` int(11) NOT NULL,
  `url` varchar(255) NOT NULL,
  `name` varchar(50) NOT NULL,
  `count` int(11) DEFAULT '0',
  PRIMARY KEY (`id`)
) ENGINE=MyISAM DEFAULT CHARSET=utf8;
/*!40101 SET character_set_client = @saved_cs_client */;

--
-- Dumping data for table `class_list`
--

LOCK TABLES `class_list` WRITE;
/*!40000 ALTER TABLE `class_list` DISABLE KEYS */;
INSERT INTO `class_list` VALUES (0,'http://blog.sina.com.cn/s/articlelist_1776757314_0_1.html','全部博文',249),(1,'http://blog.sina.com.cn/s/articlelist_1776757314_1_1.html','【祖国】大陆',33),(4,'http://blog.sina.com.cn/s/articlelist_1776757314_4_1.html','【祖国】纵贯台湾岛',37),(5,'http://blog.sina.com.cn/s/articlelist_1776757314_5_1.html','【祖国】港澳行记',23),(6,'http://blog.sina.com.cn/s/articlelist_1776757314_6_1.html','【亚洲】马来、泰国、…',26),(7,'http://blog.sina.com.cn/s/articlelist_1776757314_7_1.html','【澳洲】澳大利亚',8),(10,'http://blog.sina.com.cn/s/articlelist_1776757314_10_1.html','【亚洲】非常新加坡',9),(9,'http://blog.sina.com.cn/s/articlelist_1776757314_9_1.html','【北美洲】自驾美利坚',17),(14,'http://blog.sina.com.cn/s/articlelist_1776757314_14_1.html','【欧洲】法国、德国、…',1),(15,'http://blog.sina.com.cn/s/articlelist_1776757314_15_1.html','【澳洲】新西兰',12),(13,'http://blog.sina.com.cn/s/articlelist_1776757314_13_1.html','【南美洲】热辣巴西',8),(8,'http://blog.sina.com.cn/s/articlelist_1776757314_8_1.html','【亚洲】日本、韩国',22),(12,'http://blog.sina.com.cn/s/articlelist_1776757314_12_1.html','【欧洲】浓情西班牙',6),(11,'http://blog.sina.com.cn/s/articlelist_1776757314_11_1.html','【亚洲】阿联酋',4),(2,'http://blog.sina.com.cn/s/articlelist_1776757314_2_1.html','【MY烘焙生活】',12),(3,'http://blog.sina.com.cn/s/articlelist_1776757314_3_1.html','【小日子】',30);
/*!40000 ALTER TABLE `class_list` ENABLE KEYS */;
UNLOCK TABLES;

--
-- Dumping events for database 'sina_blog'
--

--
-- Dumping routines for database 'sina_blog'
--
/*!40103 SET TIME_ZONE=@OLD_TIME_ZONE */;

/*!40101 SET SQL_MODE=@OLD_SQL_MODE */;
/*!40014 SET FOREIGN_KEY_CHECKS=@OLD_FOREIGN_KEY_CHECKS */;
/*!40014 SET UNIQUE_CHECKS=@OLD_UNIQUE_CHECKS */;
/*!40101 SET CHARACTER_SET_CLIENT=@OLD_CHARACTER_SET_CLIENT */;
/*!40101 SET CHARACTER_SET_RESULTS=@OLD_CHARACTER_SET_RESULTS */;
/*!40101 SET COLLATION_CONNECTION=@OLD_COLLATION_CONNECTION */;
/*!40111 SET SQL_NOTES=@OLD_SQL_NOTES */;

-- Dump completed on 2016-08-14 12:36:07
